target_work_id,target_title,target_year,wanfang_count,case_order,case_label,citing_year,new_citing_sources,cumulative_citing_sources,years_since_publication
WORK-11BA0618FDA2,城市社会学研究前沿：场景理论述评,2014,396,1,Wu 2014 review,2014,2,2,0
WORK-11BA0618FDA2,城市社会学研究前沿：场景理论述评,2014,396,1,Wu 2014 review,2015,4,6,1
WORK-11BA0618FDA2,城市社会学研究前沿：场景理论述评,2014,396,1,Wu 2014 review,2016,5,11,2
WORK-11BA0618FDA2,城市社会学研究前沿：场景理论述评,2014,396,1,Wu 2014 review,2017,7,18,3
WORK-11BA0618FDA2,城市社会学研究前沿：场景理论述评,2014,396,1,Wu 2014 review,2018,6,24,4
WORK-11BA0618FDA2,城市社会学研究前沿：场景理论述评,2014,396,1,Wu 2014 review,2019,14,38,5
WORK-11BA0618FDA2,城市社会学研究前沿：场景理论述评,2014,396,1,Wu 2014 review,2020,21,59,6
WORK-11BA0618FDA2,城市社会学研究前沿：场景理论述评,2014,396,1,Wu 2014 review,2021,39,98,7
WORK-11BA0618FDA2,城市社会学研究前沿：场景理论述评,2014,396,1,Wu 2014 review,2022,47,145,8
WORK-11BA0618FDA2,城市社会学研究前沿：场景理论述评,2014,396,1,Wu 2014 review,2023,73,218,9
WORK-11BA0618FDA2,城市社会学研究前沿：场景理论述评,2014,396,1,Wu 2014 review,2024,87,305,10
WORK-11BA0618FDA2,城市社会学研究前沿：场景理论述评,2014,396,1,Wu 2014 review,2025,80,385,11
WORK-3DD575407739,场景理论与城市发展——芝加哥学派城市研究新理论范式,2013,339,2,Wu-Xia-Clark 2013,2013,0,0,0
WORK-3DD575407739,场景理论与城市发展——芝加哥学派城市研究新理论范式,2013,339,2,Wu-Xia-Clark 2013,2014,2,2,1
WORK-3DD575407739,场景理论与城市发展——芝加哥学派城市研究新理论范式,2013,339,2,Wu-Xia-Clark 2013,2015,4,6,2
WORK-3DD575407739,场景理论与城市发展——芝加哥学派城市研究新理论范式,2013,339,2,Wu-Xia-Clark 2013,2016,3,9,3
WORK-3DD575407739,场景理论与城市发展——芝加哥学派城市研究新理论范式,2013,339,2,Wu-Xia-Clark 2013,2017,6,15,4
WORK-3DD575407739,场景理论与城市发展——芝加哥学派城市研究新理论范式,2013,339,2,Wu-Xia-Clark 2013,2018,4,19,5
WORK-3DD575407739,场景理论与城市发展——芝加哥学派城市研究新理论范式,2013,339,2,Wu-Xia-Clark 2013,2019,12,31,6
WORK-3DD575407739,场景理论与城市发展——芝加哥学派城市研究新理论范式,2013,339,2,Wu-Xia-Clark 2013,2020,20,51,7
WORK-3DD575407739,场景理论与城市发展——芝加哥学派城市研究新理论范式,2013,339,2,Wu-Xia-Clark 2013,2021,33,84,8
WORK-3DD575407739,场景理论与城市发展——芝加哥学派城市研究新理论范式,2013,339,2,Wu-Xia-Clark 2013,2022,45,129,9
WORK-3DD575407739,场景理论与城市发展——芝加哥学派城市研究新理论范式,2013,339,2,Wu-Xia-Clark 2013,2023,62,191,10
WORK-3DD575407739,场景理论与城市发展——芝加哥学派城市研究新理论范式,2013,339,2,Wu-Xia-Clark 2013,2024,82,273,11
WORK-3DD575407739,场景理论与城市发展——芝加哥学派城市研究新理论范式,2013,339,2,Wu-Xia-Clark 2013,2025,63,336,12
WORK-0B7C450D6ADC,场景理论：区域发展文化动力的探索及启示,2012,250,3,Xu-Zhao-Clark 2012,2012,0,0,0
WORK-0B7C450D6ADC,场景理论：区域发展文化动力的探索及启示,2012,250,3,Xu-Zhao-Clark 2012,2013,0,0,1
WORK-0B7C450D6ADC,场景理论：区域发展文化动力的探索及启示,2012,250,3,Xu-Zhao-Clark 2012,2014,0,0,2
WORK-0B7C450D6ADC,场景理论：区域发展文化动力的探索及启示,2012,250,3,Xu-Zhao-Clark 2012,2015,7,7,3
WORK-0B7C450D6ADC,场景理论：区域发展文化动力的探索及启示,2012,250,3,Xu-Zhao-Clark 2012,2016,3,10,4
WORK-0B7C450D6ADC,场景理论：区域发展文化动力的探索及启示,2012,250,3,Xu-Zhao-Clark 2012,2017,6,16,5
WORK-0B7C450D6ADC,场景理论：区域发展文化动力的探索及启示,2012,250,3,Xu-Zhao-Clark 2012,2018,5,21,6
WORK-0B7C450D6ADC,场景理论：区域发展文化动力的探索及启示,2012,250,3,Xu-Zhao-Clark 2012,2019,12,33,7
WORK-0B7C450D6ADC,场景理论：区域发展文化动力的探索及启示,2012,250,3,Xu-Zhao-Clark 2012,2020,22,55,8
WORK-0B7C450D6ADC,场景理论：区域发展文化动力的探索及启示,2012,250,3,Xu-Zhao-Clark 2012,2021,17,72,9
WORK-0B7C450D6ADC,场景理论：区域发展文化动力的探索及启示,2012,250,3,Xu-Zhao-Clark 2012,2022,20,92,10
WORK-0B7C450D6ADC,场景理论：区域发展文化动力的探索及启示,2012,250,3,Xu-Zhao-Clark 2012,2023,57,149,11
WORK-0B7C450D6ADC,场景理论：区域发展文化动力的探索及启示,2012,250,3,Xu-Zhao-Clark 2012,2024,55,204,12
WORK-0B7C450D6ADC,场景理论：区域发展文化动力的探索及启示,2012,250,3,Xu-Zhao-Clark 2012,2025,45,249,13
WORK-258AF028DD78,公共文化空间与文化参与：基于文化场景理论的实证研究,2017,227,4,Chen-Hou 2017,2017,1,1,0
WORK-258AF028DD78,公共文化空间与文化参与：基于文化场景理论的实证研究,2017,227,4,Chen-Hou 2017,2018,2,3,1
WORK-258AF028DD78,公共文化空间与文化参与：基于文化场景理论的实证研究,2017,227,4,Chen-Hou 2017,2019,12,15,2
WORK-258AF028DD78,公共文化空间与文化参与：基于文化场景理论的实证研究,2017,227,4,Chen-Hou 2017,2020,21,36,3
WORK-258AF028DD78,公共文化空间与文化参与：基于文化场景理论的实证研究,2017,227,4,Chen-Hou 2017,2021,30,66,4
WORK-258AF028DD78,公共文化空间与文化参与：基于文化场景理论的实证研究,2017,227,4,Chen-Hou 2017,2022,27,93,5
WORK-258AF028DD78,公共文化空间与文化参与：基于文化场景理论的实证研究,2017,227,4,Chen-Hou 2017,2023,47,140,6
WORK-258AF028DD78,公共文化空间与文化参与：基于文化场景理论的实证研究,2017,227,4,Chen-Hou 2017,2024,51,191,7
WORK-258AF028DD78,公共文化空间与文化参与：基于文化场景理论的实证研究,2017,227,4,Chen-Hou 2017,2025,32,223,8
WORK-EECC280B6161,场景理论的范式转型及其中国实践,2021,182,6,Wen-Dai 2021,2021,10,10,0
WORK-EECC280B6161,场景理论的范式转型及其中国实践,2021,182,6,Wen-Dai 2021,2022,22,32,1
WORK-EECC280B6161,场景理论的范式转型及其中国实践,2021,182,6,Wen-Dai 2021,2023,43,75,2
WORK-EECC280B6161,场景理论的范式转型及其中国实践,2021,182,6,Wen-Dai 2021,2024,47,122,3
WORK-EECC280B6161,场景理论的范式转型及其中国实践,2021,182,6,Wen-Dai 2021,2025,46,168,4
WORK-7647EECE73A6,场景理论下非遗旅游地文化价值提升研究——基于浙江省27个非遗旅游小镇数据分析,2022,125,8,Chen-Yan 2022,2022,12,12,0
WORK-7647EECE73A6,场景理论下非遗旅游地文化价值提升研究——基于浙江省27个非遗旅游小镇数据分析,2022,125,8,Chen-Yan 2022,2023,31,43,1
WORK-7647EECE73A6,场景理论下非遗旅游地文化价值提升研究——基于浙江省27个非遗旅游小镇数据分析,2022,125,8,Chen-Yan 2022,2024,43,86,2
WORK-7647EECE73A6,场景理论下非遗旅游地文化价值提升研究——基于浙江省27个非遗旅游小镇数据分析,2022,125,8,Chen-Yan 2022,2025,35,121,3
