author_1,author_2,shared_works,first_shared_year,latest_shared_year
陆梓欣,齐骥,3,2022,2025
亓冉,齐骥,2,2020,2022
刘彤瑶,陈波,2,2022,2026
刘志刚,赵科印,2,2024,2026
吴军,特里N克拉克,2,2014,2016
唐璞妮,淳姣,2,2022,2023
庞兆玲,王学基,2,2025,2025
张丁戈,王瑞文,2,2024,2024
张中波,范长存,2,2023,2023
涂晓晗,陈波,2,2023,2026
温阳,王峰,2,2024,2024
石坚韧,赵秀敏,2,2021,2025
詹绍文,邓雨龙,2,2023,2023
路幸福,邹成龙,2,2025,2025
陈墅香,陈溢晨,2,2024,2025
靳春燕,韦晓宁,2,2024,2024
ChaiDongdong,HeJiani,1,2024,2024
ChenXiaojian,LuYan,1,2026,2026
ChenXiaojian,ZhangYuzheng,1,2026,2026
JieShen,JunchaoShen,1,2023,2023
JieShen,ShuaiHong,1,2023,2023
JieShen,TengfeiChai,1,2023,2023
JieShen,WeiMao,1,2023,2023
JunchaoShen,ShuaiHong,1,2023,2023
JunchaoShen,TengfeiChai,1,2023,2023
JunchaoShen,WeiMao,1,2023,2023
LanB.Y.,LianH.Y.,1,2023,2023
LuYan,ZhangYuzheng,1,2026,2026
ShuaiHong,TengfeiChai,1,2023,2023
ShuaiHong,WeiMao,1,2023,2023
TengfeiChai,WeiMao,1,2023,2023
WangT,WuJ,1,2021,2021
WangT,ZhengH,1,2021,2021
WangT,andClarkTN,1,2021,2021
WuJ,ZhengH,1,2021,2021
WuJ,andClarkTN,1,2021,2021
ZhengH,andClarkTN,1,2021,2021
丁冠榕,宋博,1,2022,2022
丁冠榕,张春燕,1,2022,2022
丁奇,梁健,1,2024,2024
丁奇,田雨泽,1,2024,2024
丁奇,郝勇翔,1,2024,2024
丁梦瑶,张勇丽,1,2022,2022
丁程,陈波,1,2018,2018
丁竹慧,杨俊涛,1,2025,2025
丁竹慧,陈煊,1,2025,2025
万茹捷,汪全莉,1,2024,2024
严贝妮,张永兴,1,2024,2024
严贝妮,王露雅,1,2025,2025
乔瑞,王亚迅,1,2022,2022
于伯坤,张铮,1,2019,2019
于子尧,周延伟,1,2025,2025
于梦洁,朱天梅,1,2023,2023
于海龙,和雪,1,2025,2025
于海龙,温赛,1,2025,2025
亓冉,特里N克拉克,1,2022,2022
付鹏伟,王凌,1,2025,2025
任云英,杨鹏森,1,2024,2024
任云英,韩雨昕,1,2024,2024
任劲劲,殷宝为,1,2024,2024
任卓异,刘遗志,1,2026,2026
任卓异,姜凌,1,2026,2026
任磊,储艳洁,1,2025,2025
任秀芹,张佳琪,1,2022,2022
伍徐欣,兰丹,1,2025,2025
伍徐欣,赵钱森,1,2025,2025
伍玲,李艳华,1,2025,2025
伍玲,蔡秋阳,1,2025,2025
何夷伦,詹绍文,1,2023,2023
何夷伦,邓雨龙,1,2023,2023
何爱霞,赵雨,1,2026,2026
何玉珍,林昆勇,1,2015,2015
何盼盼,陈雅,1,2019,2019
何芩,孟令君,1,2025,2025
何芩,郭婧,1,2025,2025
何芩,闫旭睿,1,2025,2025
何苗,罗泓,1,2024,2024
何茜倩,洪邵平,1,2026,2026
何茜倩,罗涛,1,2026,2026
何鸿飞,张恩荣,1,2024,2024
何鸿飞,陈庚,1,2024,2024
何鹏,傅才武,1,2021,2021
侯传勇,李军红,1,2021,2021
侯森栋,刘益铭,1,2026,2026
侯森栋,李嘉琪,1,2026,2026
侯森栋,桂智,1,2026,2026
侯森栋,郑卫民,1,2026,2026
侯雪言,傅才武,1,2016,2016
侯雪言,宫玥,1,2024,2024
侯雪言,陈波,1,2017,2017
倪杨,周琼,1,2025,2025
倪楚悦,李裕富,1,2024,2024
倪楚悦,耿虹,1,2024,2024
倪楚越,李昱甫,1,2024,2024
倪楚越,耿虹,1,2024,2024
傅尧,董海龙,1,2025,2025
傅尧,郭亚成,1,2025,2025
傅才武,李俊辰,1,2022,2022
傅才武,王异凡,1,2021,2021
傅才武,贺怡,1,2021,2021
傅斯鎏,耿达,1,2023,2023
傅毅,赖泓兵,1,2026,2026
傅红,杜茜,1,2024,2024
傅莹,郭嘉,1,2022,2022
兰丹,赵钱森,1,2025,2025
冯一泰,李明星,1,2021,2021
冯一泰,蒲焘,1,2021,2021
冯亚星,魏凯辰,1,2025,2025
冯涵瑞,张佳泋,1,2025,2025
冯涵瑞,李江敏,1,2025,2025
冯舒,唐正宇,1,2022,2022
冯舒,杨志鹏,1,2022,2022
冯舒,汤沫熙,1,2022,2022
冯舒,郭晨,1,2022,2022
刘一锐,魏进平,1,2025,2025
刘中华,焦基鹏,1,2021,2021
刘亦巍,邓婷尹,1,2024,2024
刘俊辉,许尔凯,1,2021,2021
刘勇,陈泳,1,2024,2024
刘勇,陶曼丽,1,2024,2024
刘启航,李康化,1,2023,2023
刘塨,陈墅香,1,2024,2024
刘塨,陈溢晨,1,2024,2024
刘宇,高雪聪,1,2023,2023
刘宗璇,龚立君,1,2023,2023
刘家齐,姜乃源,1,2025,2025
刘家齐,郭娜,1,2025,2025
刘敏,吴怡,1,2026,2026
刘新静,谈佳洁,1,2023,2023
刘春腊,李光辉,1,2025,2025
刘春腊,皇甫子贞,1,2025,2025
刘晓丽,张海霞,1,2025,2025
刘晓霞,汤诚,1,2023,2023
刘晓霞,王春迎,1,2023,2023
刘欣,吴申伦,1,2024,2024
刘民坤,梁连健,1,2024,2024
刘沛林,李伯华,1,2023,2023
刘沛林,王慧玲,1,2023,2023
刘沛林,窦银娣,1,2023,2023
刘波,宋茂荣,1,2022,2022
刘波,潘明茜,1,2022,2022
刘波,陈波,1,2016,2016
刘泽华,黄安民,1,2023,2023
刘海丽,张新娅,1,2025,2025
刘润东,吴军,1,2022,2022
刘润东,王修齐,1,2022,2022
刘清越,孟令杰,1,2023,2023
刘潇,熊英,1,2019,2019
刘潇,王宏,1,2019,2019
刘焕琪,谭璐,1,2026,2026
刘玉堂,高睿霞,1,2020,2020
刘益铭,李嘉琪,1,2026,2026
刘益铭,桂智,1,2026,2026
刘益铭,郑卫民,1,2026,2026
刘立云,周雪薇,1,2026,2026
刘航,唐斌,1,2026,2026
刘航,李朝柱,1,2026,2026
刘遗志,姜凌,1,2026,2026
刘鉴源,帅凌傲,1,2025,2025
刘鉴源,杨靖,1,2025,2025
刘馨阳,文立杰,1,2025,2025
卓康夫,边兰春,1,2024,2024
卜亚敏,甄伟锋,1,2020,2020
卢敏,张海燕,1,2023,2023
卢敏,陈爽,1,2023,2023
卢锐,赵栋,1,2022,2022
卢锐,黄琴诗,1,2022,2022
史友宽,李雨阳,1,2022,2022
史友宽,赵明楠,1,2022,2022
史韫琪,徐波,1,2026,2026
史韫琪,李敏,1,2026,2026
史韫琪,王祖君,1,2026,2026
叶卉菁,翁瑾,1,2025,2025
叶南客,李惠芬,1,2017,2017
叶欣,王天玺,1,2024,2024
叶欣,郑军,1,2024,2024
叶胥,唐子怡,1,2025,2025
叶裕民,吴军,1,2020,2020
吕晓龙,曾粤亮,1,2025,2025
吕晓龙,李佳愔,1,2025,2025
吕睿,王天乐,1,2023,2023
吕虎臣,康北,1,2024,2024
吕虎臣,王婷,1,2024,2024
吴丽敏,周永博,1,2023,2023
吴丽敏,周进,1,2023,2023
吴丽敏,李东晔,1,2023,2023
吴丽敏,贾文通,1,2023,2023
吴云梦汝,陈波,1,2017,2017
吴军,吴志明,1,2017,2017
吴军,夏建中,1,2013,2013
吴军,张娇,1,2018,2018
吴军,特里克拉克,1,2013,2013
吴军,王修齐,1,2022,2022
吴军,祁述裕,1,2017,2017
吴军,郑昊,1,2021,2021
吴军,马秀莲,1,2017,2017
吴岩,景泽宇,1,2021,2021
吴岩,王忠杰,1,2021,2021
吴广,唐佳琪,1,2025,2025
吴志明,马秀莲,1,2017,2017
吴怡娇,孙大东,1,2023,2023
吴斯妤,杨光,1,2021,2021
吴斯妤,赵万民,1,2021,2021
吴新祎,杨毅,1,2023,2023
吴昕潞,杨建军,1,2025,2025
吴欣欣,张超民,1,2025,2025
吴焜,李林,1,2020,2020
吴紫娟,周灵,1,2025,2025
吴紫娟,王嘉平,1,2025,2025
吴红松,沈邦应,1,2023,2023
吴迪,董纪昌,1,2011,2011
吴迪,高鹏,1,2011,2011
吾希洪多里洪,王纪武,1,2023,2023
吾希洪多里洪,胡亚丽,1,2023,2023
周倩娜,徐冰涛,1,2025,2025
周倩娜,王艳玲,1,2025,2025
周娜,马康,1,2026,2026
周恺,熊益群,1,2022,2022
周永博,周进,1,2023,2023
周永博,李东晔,1,2023,2023
周永博,贾文通,1,2023,2023
周海玲,赵嘉敏,1,2023,2023
周海玲,赵翔宇,1,2023,2023
周灵,王嘉平,1,2025,2025
周艳双,段友文,1,2024,2024
周详,成玉宁,1,2021,2021
周进,李东晔,1,2023,2023
周进,贾文通,1,2023,2023
周逸影,高梦薇,1,2021,2021
和雪,温赛,1,2025,2025
唐夕汐,夏青,1,2025,2025
唐夕汐,李胜超,1,2025,2025
唐娟,王德根,1,2023,2023
唐娟,王莉,1,2023,2023
唐斌,李朝柱,1,2026,2026
唐月民,郭新茹,1,2021,2021
唐月民,陈天宇,1,2021,2021
唐正宇,杨志鹏,1,2022,2022
唐正宇,汤沫熙,1,2022,2022
唐正宇,郭晨,1,2022,2022
唐璞妮,杨红岗,1,2023,2023
唐璞妮,王胡林,1,2022,2022
夏建中,特里克拉克,1,2013,2013
夏梦,黄瓴,1,2024,2024
夏青,李胜超,1,2025,2025
妥艳媜,曹智辉,1,2024,2024
妥艳媜,陈晔,1,2024,2024
妥艳媜,韩秋晨,1,2024,2024
姚子刚,赵鹏飞,1,2025,2025
姚子刚,郭林兵,1,2025,2025
姜乃源,郭娜,1,2025,2025
姜宇,孙琳琳,1,2024,2024
姜宇,王涛,1,2024,2024
姜宇,陈思,1,2024,2024
姜芹春,马谊妮,1,2025,2025
孔子然,宣蔚,1,2023,2023
孔子然,禚璇,1,2023,2023
孔子然,肖佳琦,1,2023,2023
孔惟洁,王霖,1,2022,2022
孔惟洁,谭辰雯,1,2022,2022
孙冉,方遥,1,2026,2026
孙冉,李清,1,2026,2026
孙冉,王楠,1,2026,2026
孙同帅,徐延章,1,2026,2026
孙小龙,宋育典,1,2024,2024
孙小龙,秦彬朦,1,2024,2024
孙小龙,肖欢欢,1,2024,2024
孙晋海,李德武,1,2025,2025
孙晋海,石雪菲,1,2024,2024
孙晋海,罗亮,1,2024,2024
孙晋海,罗佳宁,1,2024,2024
孙朝辉,杨人豪,1,2025,2025
孙朝辉,杨庆媛,1,2025,2025
孙朝辉,王愈滋,1,2025,2025
孙朝辉,王笛,1,2025,2025
孙朝辉,苏康传,1,2025,2025
孙琳琳,王涛,1,2024,2024
孙琳琳,陈思,1,2024,2024
孙英姿,戴艳清,1,2022,2022
孙英姿,马漫江,1,2022,2022
孟丹诚,徐磊青,1,2021,2021
孟令君,郭婧,1,2025,2025
孟令君,闫旭睿,1,2025,2025
孟宪栋,张晓宇,1,2022,2022
孟宪栋,杜书波,1,2022,2022
宋佳桐,王兆红,1,2025,2025
宋佳桐,王晨旭,1,2025,2025
宋博,张春燕,1,2022,2022
宋向嵘,邢磊,1,2026,2026
宋琪,曲诗雨,1,2023,2023
宋瑞,牛阮霞,1,2025,2025
宋瑞,王瑞婷,1,2025,2025
宋育典,秦彬朦,1,2024,2024
宋育典,肖欢欢,1,2024,2024
宋茂荣,潘明茜,1,2022,2022
宋陆陆,张伟,1,2023,2023
官凤婷,曾翠,1,2025,2025
官凤婷,王忠政,1,2025,2025
宣蔚,禚璇,1,2023,2023
宣蔚,肖佳琦,1,2023,2023
寇垠,臧航达,1,2021,2021
寇瑞冰,易露露,1,2024,2024
崔净雅,李勤,1,2024,2024
崔净雅,石爽,1,2024,2024
崔艳天,祁述裕,1,2023,2023
巢雪薇,陈波,1,2022,2022
巫月娥,许楠,1,2023,2023
帅凌傲,杨靖,1,2025,2025
庄陶之,许芗斌,1,2023,2023
庄陶之,许诗凯,1,2023,2023
庞亚婷,陈波,1,2023,2023
庞兆玲,张海洲,1,2025,2025
庞春雨,李鼎淳,1,2017,2017
康北,王婷,1,2024,2024
康吉庆,梁艳,1,2025,2025
廖昕芫,李佳蓬,1,2026,2026
廖鑫,袁静晗,1,2019,2019
延书宁,陈波,1,2022,2022
张为民,张双兰,1,2026,2026
张乐敏,张若曦,1,2025,2025
张佳泋,李江敏,1,2025,2025
张侔,王晓南,1,2022,2022
张允,张梦心,1,2020,2020
张培奇,胡惠林,1,2018,2018
张娇,武旋,1,2024,2024
张宇峥,陈晓键,1,2023,2023
张宇峥,鲁岩,1,2023,2023
张恩荣,陈庚,1,2024,2024
张旭,梅琳,1,2025,2025
张旭,蔡丽燕,1,2025,2025
张旭辉,程东亚,1,2024,2024
张旭辉,黄震方,1,2024,2024
张晓宇,杜书波,1,2022,2022
张晗,龙浩,1,2024,2024
张智玮,李永乐,1,2025,2025
张智玮,王锴庆,1,2025,2025
张智玮,肖炎焱,1,2025,2025
张曼,李素雅,1,2024,2024
张曼,汤羽扬,1,2024,2024
张杨,张照然,1,2023,2023
张杨,黄梦君,1,2023,2023
张洁梅,秦维佳,1,2024,2024
张海斌,战令琦,1,2022,2022
张海洲,王学基,1,2025,2025
张海燕,陈爽,1,2023,2023
张照然,黄梦君,1,2023,2023
张琳,杨毅,1,2020,2020
张琳,黄美玲,1,2020,2020
张艳国,王亚军,1,2025,2025
张芯梦,白洁然,1,2023,2023
张莹,李贵,1,2022,2022
张莹,郑颖,1,2022,2022
张蔚萍,肖启岩,1,2026,2026
张贝凝,陈波,1,2025,2025
张钰琳,徐园媛,1,2025,2025
张铮,许馨月,1,2024,2024
张靖煜,陈波,1,2024,2024
张韶芬,王亚楠,1,2025,2025
张韶芬,陈欣悦,1,2025,2025
彭心睿,陈波,1,2021,2021
徐伟,杨青豪,1,2026,2026
徐伟,陈涵,1,2026,2026
徐冰涛,王艳玲,1,2025,2025
徐晓林,特里N克拉克,1,2012,2012
徐晓林,赵铁,1,2012,2012
徐波,李敏,1,2026,2026
徐波,王祖君,1,2026,2026
徐达,陈佳锌,1,2026,2026
徐达,鲍子瑄,1,2026,2026
徐金龙,汪婷婷,1,2023,2023
徐靖芮,王学实,1,2020,2020
戴代新,黎莹,1,2022,2022
戴俊骋,温雯,1,2021,2021
戴艳清,马漫江,1,2022,2022
戴颖桢,耿达,1,2025,2025
操小晋,朱喜钢,1,2024,2024
操小晋,许婉婷,1,2024,2024
方娜,程奇,1,2022,2022
方茂青,高晓雯,1,2025,2025
方遥,李清,1,2026,2026
方遥,王楠,1,2026,2026
易彤,李士建,1,2024,2024
景泽宇,王忠杰,1,2021,2021
曲均增,曹健,1,2024,2024
曲均增,朱廉杰,1,2024,2024
曲均增,潘宏伟,1,2024,2024
曲均增,郭井双,1,2024,2024
曲比阿果,曲比阿西,1,2026,2026
曹健,朱廉杰,1,2024,2024
曹健,潘宏伟,1,2024,2024
曹健,郭井双,1,2024,2024
曹志奎,武前波,1,2022,2022
曹志奎,陈雪萤,1,2022,2022
曹文佳,王乃举,1,2026,2026
曹时语,薛凯,1,2023,2023
曹智辉,陈晔,1,2024,2024
曹智辉,韩秋晨,1,2024,2024
曾咏梅,王晨曦,1,2021,2021
曾咏梅,程星雨,1,2021,2021
曾粤亮,李佳愔,1,2025,2025
曾翠,王忠政,1,2025,2025
曾薇,王雨菲,1,2024,2024
曾薇,赖雨晨,1,2024,2024
朱利峰,钟伯雄,1,2025,2025
朱喜钢,许婉婷,1,2024,2024
朱廉杰,潘宏伟,1,2024,2024
朱廉杰,郭井双,1,2024,2024
朱直君,高梦薇,1,2018,2018
朱雨萌,陈雅,1,2025,2025
李东和,谢珍珍,1,2024,2024
李东晔,贾文通,1,2023,2023
李伯华,王慧玲,1,2023,2023
李伯华,窦银娣,1,2023,2023
李光辉,皇甫子贞,1,2025,2025
李勤,石爽,1,2024,2024
李君燕,王娟,1,2024,2024
李和平,特里N克拉克,1,2022,2022
李和平,金红,1,2022,2022
李嘉琪,桂智,1,2026,2026
李嘉琪,郑卫民,1,2026,2026
李姣,胡剑忠,1,2025,2025
李姣,贾凌志,1,2025,2025
李少卿,汪其航,1,2021,2021
李少卿,王贺,1,2021,2021
李异,游欣畅,1,2023,2023
李异,罗雪蕾,1,2023,2023
李敏,王祖君,1,2026,2026
李文雯,董慧,1,2025,2025
李昊远,龚景兴,1,2020,2020
李明,邢雪娥,1,2021,2021
李明星,蒲焘,1,2021,2021
李春玲,赵蔚,1,2021,2021
李春玲,韩腾飞,1,2021,2021
李昱甫,耿虹,1,2024,2024
李晓昀,王波,1,2023,2023
李晓昀,苏建健,1,2023,2023
李晓琼,靳春燕,1,2024,2024
李晓琼,韦晓宁,1,2024,2024
李晶晶,陈波,1,2021,2021
李林,李舒薇,1,2019,2019
李林,燕宜芳,1,2019,2019
李永乐,王锴庆,1,2025,2025
李永乐,肖炎焱,1,2025,2025
李洋,许永成,1,2024,2024
李洋,霍子文,1,2024,2024
李清,王楠,1,2026,2026
李甜婧,谢佳萌,1,2024,2024
李甜婧,齐羚,1,2024,2024
李素雅,汤羽扬,1,2024,2024
李舒薇,燕宜芳,1,2019,2019
李艳华,蔡秋阳,1,2025,2025
李裕富,耿虹,1,2024,2024
李谦,杨铱,1,2024,2024
李谦,熊丙全,1,2024,2024
李贵,郑颖,1,2022,2022
李金梦,杨发祥,1,2025,2025
李雨阳,赵明楠,1,2022,2022
杜晴,王洋,1,2025,2025
杜晴,许军,1,2025,2025
杨人豪,杨庆媛,1,2025,2025
杨人豪,王愈滋,1,2025,2025
杨人豪,王笛,1,2025,2025
杨人豪,苏康传,1,2025,2025
杨依沄,沈佳,1,2023,2023
杨依沄,郭新茹,1,2023,2023
杨俊涛,陈煊,1,2025,2025
杨元传,林志森,1,2025,2025
杨元传,洪婷婷,1,2025,2025
杨元传,王莘捷,1,2025,2025
杨光,赵万民,1,2021,2021
杨利华,王云,1,2022,2022
杨勇,粟路军,1,2026,2026
杨媛媛,陈扬,1,2020,2020
杨宇航,赵天顺,1,2025,2025
杨小莉,高冕,1,2023,2023
杨庆媛,王愈滋,1,2025,2025
杨庆媛,王笛,1,2025,2025
杨庆媛,苏康传,1,2025,2025
杨志鹏,汤沫熙,1,2022,2022
杨志鹏,郭晨,1,2022,2022
杨春,郭良文,1,2023,2023
杨桂,马海龙,1,2024,2024
杨欣如,王兆伟,1,2025,2025
杨毅,黄美玲,1,2020,2020
杨瑛,罗荩,1,2022,2022
杨瑛,高美祥,1,2022,2022
杨甜甜,邵明华,1,2022,2022
杨红岗,淳姣,1,2023,2023
杨铱,熊丙全,1,2024,2024
杨青,段永彪,1,2025,2025
杨青豪,陈涵,1,2026,2026
杨鹏森,韩雨昕,1,2024,2024
杨龙飞,疏仁华,1,2023,2023
林志森,洪婷婷,1,2025,2025
林志森,王莘捷,1,2025,2025
林盈盈,石坚韧,1,2025,2025
林盈盈,赵秀敏,1,2025,2025
林馨雨,陈波,1,2020,2020
桂智,郑卫民,1,2026,2026
梁一梦,袁金辉,1,2023,2023
梁健,田雨泽,1,2024,2024
梁健,郝勇翔,1,2024,2024
梁增奎,闫毅,1,2026,2026
梁增奎,雒虹,1,2026,2026
梁增奎,霍彩玲,1,2026,2026
梁璐,王琳婷,1,2025,2025
梁璐,袁媛,1,2025,2025
梅琳,蔡丽燕,1,2025,2025
楼旭东,裴子钥,1,2023,2023
欧阳国辉,赵诗璇,1,2025,2025
武优勐,毛中根,1,2022,2022
武优勐,王鹏帆,1,2022,2022
武前波,陈雪萤,1,2022,2022
毕欣雨,陈波,1,2025,2025
毛万熙,眭谦,1,2016,2016
毛中根,王鹏帆,1,2022,2022
汤沫熙,郭晨,1,2022,2022
汤皓然,罗桥,1,2022,2022
汤诚,王春迎,1,2023,2023
汪其航,王贺,1,2021,2021
汪妍,禹建湘,1,2020,2020
汪柄江,魏正聪,1,2022,2022
沈佳,郭新茹,1,2023,2023
洪婷婷,王莘捷,1,2025,2025
洪芳林,龚蛟腾,1,2023,2023
洪邵平,罗涛,1,2026,2026
淳姣,王胡林,1,2022,2022
温佳浩,白钊义,1,2026,2026
温佳浩,郭洋,1,2026,2026
温全平,黄依诺,1,2025,2025
温萧羽,董晶,1,2025,2025
温萧羽,许浩,1,2025,2025
游欣畅,罗雪蕾,1,2023,2023
潘宏伟,郭井双,1,2024,2024
熊英,王宏,1,2019,2019
牛阮霞,王瑞婷,1,2025,2025
特里N克拉克,赵铁,1,2012,2012
特里N克拉克,金红,1,2022,2022
特里N克拉克,齐骥,1,2022,2022
王亚楠,陈欣悦,1,2025,2025
王亦婷,袁晓川,1,2025,2025
王亦婷,谭必勇,1,2025,2025
王亦婷,郑宗伟,1,2025,2025
王仁彧,陆犇,1,2024,2024
王兆红,王晨旭,1,2025,2025
王凤,罗昶,1,2025,2025
王勇,王莉敏,1,2024,2024
王园,王钰雁,1,2025,2025
王园,金承协,1,2025,2025
王园,陈依恬,1,2025,2025
王夕卉,鲍圆洋,1,2024,2024
王天玺,郑军,1,2024,2024
王婷,黄瓴,1,2021,2021
王小雄,贺一松,1,2019,2019
王小雄,贺雨昕,1,2019,2019
王德根,王莉,1,2023,2023
王志强,邹宏秋,1,2024,2024
王忠君,覃锦旋,1,2022,2022
王愈滋,王笛,1,2025,2025
王愈滋,苏康传,1,2025,2025
王慧玲,窦银娣,1,2023,2023
王敏,王晓飞,1,2020,2020
王敏,詹绍文,1,2020,2020
王晓斐,邹洲,1,2024,2024
王晓飞,詹绍文,1,2020,2020
王晨曦,程星雨,1,2021,2021
王晨殊,王紫怡,1,2023,2023
王晨殊,蔡思博,1,2023,2023
王柳阳,蒋蓉,1,2024,2024
王柳阳,谢龙杰,1,2024,2024
王楚乔,陈波,1,2023,2023
王波,苏建健,1,2023,2023
王洋,许军,1,2025,2025
王海东,王科奇,1,2024,2024
王涛,陈思,1,2024,2024
王玥,聂云霞,1,2024,2024
王琦,高云鹏,1,2023,2023
王琳婷,袁媛,1,2025,2025
王科奇,胡馨月,1,2025,2025
王笛,苏康传,1,2025,2025
王紫怡,蔡思博,1,2023,2023
王纪武,胡亚丽,1,2023,2023
王钰雁,金承协,1,2025,2025
王钰雁,陈依恬,1,2025,2025
王锴庆,肖炎焱,1,2025,2025
王雨菲,赖雨晨,1,2024,2024
王霖,谭辰雯,1,2022,2022
玮宝,赵爽,1,2025,2025
玮宝,黄卫兵,1,2025,2025
田雨泽,郝勇翔,1,2024,2024
疏仁华,陈自满,1,2023,2023
白钊义,郭洋,1,2026,2026
石坚韧,虞逸琪,1,2021,2021
石琳,董洪杰,1,2026,2026
石雪菲,罗亮,1,2024,2024
石雪菲,罗佳宁,1,2024,2024
禚璇,肖佳琦,1,2023,2023
秦彬朦,肖欢欢,1,2024,2024
程东亚,黄震方,1,2024,2024
纪东东,陈为晓,1,2023,2023
练红宇,赵之铭,1,2022,2022
罗亮,罗佳宁,1,2024,2024
罗荩,高美祥,1,2022,2022
胡剑忠,贾凌志,1,2025,2025
胡迪,舒波,1,2026,2026
胡迪,郭瑜涵,1,2026,2026
胡迪,黄佳欣,1,2026,2026
臧志彭,陈美欣,1,2024,2024
舒波,郭瑜涵,1,2026,2026
舒波,黄佳欣,1,2026,2026
苟丹丹,陈明坤,1,2025,2025
苟丹丹,高歌,1,2025,2025
范玉刚,许诗怡,1,2022,2022
董晶,许浩,1,2025,2025
董海龙,郭亚成,1,2025,2025
董纪昌,高鹏,1,2011,2011
蒋志英,贺丹,1,2022,2022
蒋蓉,谢龙杰,1,2024,2024
虞逸琪,赵秀敏,1,2021,2021
袁晓川,谭必勇,1,2025,2025
袁晓川,郑宗伟,1,2025,2025
袁进业,陈小蓉,1,2020,2020
许永成,霍子文,1,2024,2024
许芗斌,许诗凯,1,2023,2023
谢佳萌,齐羚,1,2024,2024
谭必勇,郑宗伟,1,2025,2025
贺一松,贺雨昕,1,2019,2019
贾雨萱,钟晖,1,2025,2025
贾雨萱,陈宇,1,2025,2025
赵嘉敏,赵翔宇,1,2023,2023
赵栋,黄琴诗,1,2022,2022
赵梦笛,齐骥,1,2025,2025
赵润,陈波,1,2020,2020
赵爽,黄卫兵,1,2025,2025
赵蔚,韩腾飞,1,2021,2021
赵鹏飞,郭林兵,1,2025,2025
郑芳,齐慧姝,1,2022,2022
郭婧,闫旭睿,1,2025,2025
郭新茹,陈天宇,1,2021,2021
郭瑜涵,黄佳欣,1,2026,2026
郭璟雯,陆明明,1,2026,2026
金承协,陈依恬,1,2025,2025
金泽,陈波杨,1,2025,2025
金舒,陈波,1,2022,2022
钟晖,陈宇,1,2025,2025
闫毅,雒虹,1,2026,2026
闫毅,霍彩玲,1,2026,2026
陈佳锌,鲍子瑄,1,2026,2026
陈媛,陈庚,1,2024,2024
陈明坤,高歌,1,2025,2025
陈晓键,鲁岩,1,2023,2023
陈晔,韩秋晨,1,2024,2024
陈泳,陶曼丽,1,2024,2024
雒虹,霍彩玲,1,2026,2026
韩宜轩,魏兵,1,2022,2022
高红,魏文超,1,2025,2025
