author,confirmed_works,label,shown_in_network
ChaiDongdong,1,,TRUE
ChenXiaojian,1,,TRUE
HeJiani,1,,TRUE
JieShen,1,,TRUE
JunchaoShen,1,,TRUE
LanB.Y.,1,,TRUE
LianH.Y.,1,,TRUE
LuYan,1,,TRUE
ShuaiHong,1,,TRUE
TengfeiChai,1,,TRUE
WangT,1,,TRUE
WeiMao,1,,TRUE
WuJ,1,,TRUE
ZhangYuzheng,1,,TRUE
ZhengH,1,,TRUE
andClarkTN,1,,TRUE
丁冠榕,1,,TRUE
丁奇,1,,TRUE
丁梦瑶,1,,TRUE
丁程,1,,TRUE
丁竹慧,1,,TRUE
万茹捷,1,,TRUE
严贝妮,2,,TRUE
乔瑞,1,,TRUE
于伯坤,1,,TRUE
于子尧,1,,TRUE
于梦洁,1,,TRUE
于海龙,1,,TRUE
亓冉,2,,TRUE
付鹏伟,1,,TRUE
任云英,1,,TRUE
任劲劲,1,,TRUE
任卓异,1,,TRUE
任磊,1,,TRUE
任秀芹,1,,TRUE
伍徐欣,1,,TRUE
伍玲,1,,TRUE
何夷伦,1,,TRUE
何爱霞,1,,TRUE
何玉珍,1,,TRUE
何盼盼,1,,TRUE
何芩,1,,TRUE
何苗,1,,TRUE
何茜倩,1,,TRUE
何鸿飞,1,,TRUE
何鹏,1,,TRUE
侯传勇,1,,TRUE
侯森栋,1,,TRUE
侯雪言,3,,TRUE
倪杨,1,,TRUE
倪楚悦,1,,TRUE
倪楚越,1,,TRUE
傅尧,2,,TRUE
傅才武,5,Fu Caiwu,TRUE
傅斯鎏,1,,TRUE
傅毅,1,,TRUE
傅红,1,,TRUE
傅莹,1,,TRUE
储艳洁,1,,TRUE
兰丹,1,,TRUE
冯一泰,1,,TRUE
冯亚星,1,,TRUE
冯涵瑞,1,,TRUE
冯舒,1,,TRUE
刘一锐,1,,TRUE
刘中华,1,,TRUE
刘亦巍,1,,TRUE
刘俊辉,1,,TRUE
刘勇,1,,TRUE
刘启航,1,,TRUE
刘塨,1,,TRUE
刘宇,1,,TRUE
刘宗璇,1,,TRUE
刘家齐,1,,TRUE
刘彤瑶,2,,TRUE
刘志刚,3,,TRUE
刘敏,1,,TRUE
刘新静,1,,TRUE
刘春腊,1,,TRUE
刘晓丽,1,,TRUE
刘晓霞,1,,TRUE
刘欣,1,,TRUE
刘民坤,1,,TRUE
刘沛林,1,,TRUE
刘波,2,,TRUE
刘泽华,1,,TRUE
刘海丽,1,,TRUE
刘润东,1,,TRUE
刘清越,1,,TRUE
刘潇,1,,TRUE
刘焕琪,1,,TRUE
刘玉堂,1,,TRUE
刘益铭,1,,TRUE
刘立云,1,,TRUE
刘航,1,,TRUE
刘遗志,1,,TRUE
刘鉴源,1,,TRUE
刘馨阳,1,,TRUE
卓康夫,1,,TRUE
卜亚敏,1,,TRUE
卢敏,1,,TRUE
卢锐,1,,TRUE
史友宽,1,,TRUE
史韫琪,1,,TRUE
叶卉菁,1,,TRUE
叶南客,1,,TRUE
叶欣,1,,TRUE
叶胥,1,,TRUE
叶裕民,1,,TRUE
吕晓龙,1,,TRUE
吕睿,1,,TRUE
吕虎臣,1,,TRUE
吴丽敏,1,,TRUE
吴云梦汝,1,,TRUE
吴军,18,Wu Jun,TRUE
吴岩,1,,TRUE
吴广,1,,TRUE
吴志明,1,,TRUE
吴怡,1,,TRUE
吴怡娇,1,,TRUE
吴斯妤,1,,TRUE
吴新祎,1,,TRUE
吴昕潞,1,,TRUE
吴欣欣,1,,TRUE
吴焜,1,,TRUE
吴申伦,1,,TRUE
吴紫娟,1,,TRUE
吴红松,1,,TRUE
吴迪,2,,TRUE
吾希洪多里洪,1,,TRUE
周倩娜,1,,TRUE
周娜,1,,TRUE
周延伟,1,,TRUE
周恺,1,,TRUE
周永博,1,,TRUE
周海玲,1,,TRUE
周灵,1,,TRUE
周琼,1,,TRUE
周艳双,1,,TRUE
周详,1,,TRUE
周进,1,,TRUE
周逸影,1,,TRUE
周雪薇,1,,TRUE
和雪,1,,TRUE
唐佳琪,1,,TRUE
唐夕汐,1,,TRUE
唐娟,1,,TRUE
唐子怡,1,,TRUE
唐斌,1,,TRUE
唐月民,1,,TRUE
唐正宇,1,,TRUE
唐璞妮,2,,TRUE
夏建中,1,,TRUE
夏梦,2,,TRUE
夏青,1,,TRUE
妥艳媜,1,,TRUE
姚子刚,1,,TRUE
姜乃源,1,,TRUE
姜凌,1,,TRUE
姜宇,1,,TRUE
姜芹春,1,,TRUE
孔子然,1,,TRUE
孔惟洁,1,,TRUE
孙冉,1,,TRUE
孙同帅,1,,TRUE
孙大东,1,,TRUE
孙小龙,1,,TRUE
孙晋海,2,,TRUE
孙朝辉,1,,TRUE
孙琳琳,1,,TRUE
孙英姿,1,,TRUE
孟丹诚,1,,TRUE
孟令君,1,,TRUE
孟令杰,1,,TRUE
孟宪栋,1,,TRUE
宋佳桐,1,,TRUE
宋博,1,,TRUE
宋向嵘,1,,TRUE
宋琪,1,,TRUE
宋瑞,1,,TRUE
宋育典,1,,TRUE
宋茂荣,1,,TRUE
宋陆陆,1,,TRUE
官凤婷,1,,TRUE
宣蔚,1,,TRUE
宫玥,1,,TRUE
寇垠,1,,TRUE
寇瑞冰,1,,TRUE
崔净雅,1,,TRUE
崔艳天,1,,TRUE
巢雪薇,1,,TRUE
巫月娥,1,,TRUE
帅凌傲,1,,TRUE
庄陶之,1,,TRUE
庞亚婷,1,,TRUE
庞兆玲,2,,TRUE
庞春雨,1,,TRUE
康北,1,,TRUE
康吉庆,1,,TRUE
廖昕芫,1,,TRUE
廖鑫,1,,TRUE
延书宁,1,,TRUE
张丁戈,2,,TRUE
张中波,2,,TRUE
张为民,1,,TRUE
张乐敏,1,,TRUE
张伟,1,,TRUE
张佳泋,1,,TRUE
张佳琪,1,,TRUE
张侔,1,,TRUE
张允,1,,TRUE
张勇丽,1,,TRUE
张双兰,1,,TRUE
张培奇,1,,TRUE
张娇,2,,TRUE
张宇峥,1,,TRUE
张恩荣,1,,TRUE
张新娅,1,,TRUE
张旭,1,,TRUE
张旭辉,1,,TRUE
张春燕,1,,TRUE
张晓宇,1,,TRUE
张晗,1,,TRUE
张智玮,1,,TRUE
张曼,1,,TRUE
张杨,1,,TRUE
张梦心,1,,TRUE
张永兴,1,,TRUE
张洁梅,1,,TRUE
张海斌,1,,TRUE
张海洲,1,,TRUE
张海燕,1,,TRUE
张海霞,1,,TRUE
张照然,1,,TRUE
张琳,1,,TRUE
张艳国,1,,TRUE
张芯梦,1,,TRUE
张若曦,1,,TRUE
张莹,1,,TRUE
张蔚萍,1,,TRUE
张贝凝,1,,TRUE
张超民,1,,TRUE
张钰琳,1,,TRUE
张铮,2,,TRUE
张靖煜,1,,TRUE
张韶芬,1,,TRUE
彭心睿,1,,TRUE
徐伟,1,,TRUE
徐冰涛,1,,TRUE
徐园媛,1,,TRUE
徐延章,3,,TRUE
徐晓林,1,,TRUE
徐波,1,,TRUE
徐磊青,1,,TRUE
徐达,1,,TRUE
徐金龙,1,,TRUE
徐靖芮,1,,TRUE
成玉宁,1,,TRUE
战令琦,1,,TRUE
戴代新,1,,TRUE
戴俊骋,1,,TRUE
戴艳清,1,,TRUE
戴颖桢,1,,TRUE
操小晋,1,,TRUE
文立杰,1,,TRUE
方娜,1,,TRUE
方茂青,1,,TRUE
方遥,1,,TRUE
易彤,1,,TRUE
易露露,1,,TRUE
景泽宇,1,,TRUE
曲均增,1,,TRUE
曲比阿果,1,,TRUE
曲比阿西,1,,TRUE
曲诗雨,2,,TRUE
曹健,1,,TRUE
曹志奎,1,,TRUE
曹文佳,1,,TRUE
曹时语,2,,TRUE
曹智辉,1,,TRUE
曾咏梅,1,,TRUE
曾粤亮,1,,TRUE
曾翠,1,,TRUE
曾薇,1,,TRUE
朱利峰,2,,TRUE
朱喜钢,1,,TRUE
朱天梅,1,,TRUE
朱廉杰,1,,TRUE
朱直君,1,,TRUE
朱雨萌,1,,TRUE
李东和,1,,TRUE
李东晔,1,,TRUE
李伯华,1,,TRUE
李佳愔,1,,TRUE
李佳蓬,1,,TRUE
李俊辰,1,,TRUE
李光辉,1,,TRUE
李军红,1,,TRUE
李勤,1,,TRUE
李君燕,1,,TRUE
李和平,1,,TRUE
李嘉琪,1,,TRUE
李士建,1,,TRUE
李姣,1,,TRUE
李少卿,1,,TRUE
李康化,1,,TRUE
李异,1,,TRUE
李德武,1,,TRUE
李惠芬,1,,TRUE
李敏,1,,TRUE
李文雯,1,,TRUE
李昊远,1,,TRUE
李明,1,,TRUE
李明星,1,,TRUE
李春玲,1,,TRUE
李昱甫,1,,TRUE
李晓昀,1,,TRUE
李晓琼,1,,TRUE
李晶晶,1,,TRUE
李朝柱,1,,TRUE
李林,2,,TRUE
李永乐,1,,TRUE
李江敏,1,,TRUE
李洋,1,,TRUE
李清,1,,TRUE
李甜婧,1,,TRUE
李素雅,1,,TRUE
李胜超,1,,TRUE
李舒薇,1,,TRUE
李艳华,1,,TRUE
李裕富,1,,TRUE
李谦,1,,TRUE
李贵,1,,TRUE
李金梦,1,,TRUE
李雨阳,1,,TRUE
李鼎淳,1,,TRUE
杜书波,1,,TRUE
杜晴,1,,TRUE
杜茜,1,,TRUE
杨人豪,1,,TRUE
杨依沄,1,,TRUE
杨俊涛,1,,TRUE
杨元传,1,,TRUE
杨光,1,,TRUE
杨利华,1,,TRUE
杨勇,1,,TRUE
杨发祥,1,,TRUE
杨媛媛,1,,TRUE
杨宇航,1,,TRUE
杨小莉,1,,TRUE
杨庆媛,1,,TRUE
杨建军,1,,TRUE
杨志鹏,1,,TRUE
杨春,1,,TRUE
杨桂,1,,TRUE
杨欣如,1,,TRUE
杨毅,2,,TRUE
杨瑛,1,,TRUE
杨甜甜,1,,TRUE
杨红岗,1,,TRUE
杨铱,1,,TRUE
杨青,1,,TRUE
杨青豪,1,,TRUE
杨靖,1,,TRUE
杨鹏森,1,,TRUE
杨龙飞,1,,TRUE
林志森,1,,TRUE
林昆勇,1,,TRUE
林盈盈,1,,TRUE
林馨雨,2,,TRUE
桂智,1,,TRUE
梁一梦,1,,TRUE
梁健,1,,TRUE
梁增奎,1,,TRUE
梁璐,1,,TRUE
梁艳,1,,TRUE
梁连健,1,,TRUE
梅琳,1,,TRUE
楼旭东,1,,TRUE
欧阳国辉,1,,TRUE
武优勐,1,,TRUE
武前波,1,,TRUE
武旋,1,,TRUE
段友文,1,,TRUE
段永彪,1,,TRUE
殷宝为,1,,TRUE
毕欣雨,1,,TRUE
毛万熙,1,,TRUE
毛中根,1,,TRUE
汤沫熙,1,,TRUE
汤皓然,1,,TRUE
汤羽扬,1,,TRUE
汤诚,1,,TRUE
汪全莉,1,,TRUE
汪其航,1,,TRUE
汪妍,2,,TRUE
汪婷婷,1,,TRUE
汪柄江,1,,TRUE
沈佳,1,,TRUE
沈邦应,1,,TRUE
洪婷婷,1,,TRUE
洪芳林,1,,TRUE
洪邵平,1,,TRUE
涂晓晗,2,,TRUE
淳姣,2,,TRUE
温佳浩,1,,TRUE
温全平,1,,TRUE
温萧羽,1,,TRUE
温赛,1,,TRUE
温阳,2,,TRUE
温雯,1,,TRUE
游欣畅,1,,TRUE
潘宏伟,1,,TRUE
潘明茜,1,,TRUE
焦基鹏,1,,TRUE
熊丙全,1,,TRUE
熊益群,1,,TRUE
熊英,1,,TRUE
燕宜芳,1,,TRUE
牛阮霞,1,,TRUE
特里N克拉克,5,Terry Clark,TRUE
特里克拉克,1,,TRUE
王乃举,1,,TRUE
王云,1,,TRUE
王亚军,1,,TRUE
王亚楠,1,,TRUE
王亚迅,1,,TRUE
王亦婷,1,,TRUE
王仁彧,1,,TRUE
王修齐,1,,TRUE
王兆伟,1,,TRUE
王兆红,1,,TRUE
王凌,1,,TRUE
王凤,1,,TRUE
王勇,1,,TRUE
王嘉平,1,,TRUE
王园,1,,TRUE
王夕卉,1,,TRUE
王天乐,1,,TRUE
王天玺,1,,TRUE
王娟,1,,TRUE
王婷,2,,TRUE
王学基,2,,TRUE
王学实,1,,TRUE
王宏,1,,TRUE
王小雄,1,,TRUE
王峰,2,,TRUE
王异凡,1,,TRUE
王德根,1,,TRUE
王志强,1,,TRUE
王忠君,1,,TRUE
王忠政,1,,TRUE
王忠杰,1,,TRUE
王愈滋,1,,TRUE
王慧玲,1,,TRUE
王敏,1,,TRUE
王春迎,1,,TRUE
王晓南,1,,TRUE
王晓斐,1,,TRUE
王晓飞,1,,TRUE
王晨旭,1,,TRUE
王晨曦,1,,TRUE
王晨殊,1,,TRUE
王柳阳,1,,TRUE
王楚乔,1,,TRUE
王楠,1,,TRUE
王波,1,,TRUE
王洋,2,,TRUE
王海东,1,,TRUE
王涛,1,,TRUE
王玥,1,,TRUE
王琦,1,,TRUE
王琳婷,1,,TRUE
王瑞婷,1,,TRUE
王瑞文,2,,TRUE
王祖君,1,,TRUE
王科奇,2,,TRUE
王笛,1,,TRUE
王紫怡,1,,TRUE
王纪武,1,,TRUE
王胡林,1,,TRUE
王艳玲,1,,TRUE
王莉,1,,TRUE
王莉敏,1,,TRUE
王莘捷,1,,TRUE
王贺,1,,TRUE
王钰雁,1,,TRUE
王锴庆,1,,TRUE
王雨菲,1,,TRUE
王霖,1,,TRUE
王露雅,1,,TRUE
王鹏帆,1,,TRUE
玮宝,1,,TRUE
甄伟锋,1,,TRUE
田雨泽,2,,TRUE
疏仁华,2,,TRUE
白洁然,1,,TRUE
白钊义,1,,TRUE
皇甫子贞,1,,TRUE
眭谦,1,,TRUE
石坚韧,2,,TRUE
石爽,1,,TRUE
石琳,1,,TRUE
石雪菲,1,,TRUE
祁述裕,3,,TRUE
禚璇,1,,TRUE
禹建湘,1,,TRUE
秦彬朦,1,,TRUE
秦维佳,1,,TRUE
程东亚,1,,TRUE
程奇,1,,TRUE
程星雨,1,,TRUE
窦银娣,1,,TRUE
粟路军,1,,TRUE
纪东东,1,,TRUE
练红宇,1,,TRUE
罗亮,1,,TRUE
罗佳宁,1,,TRUE
罗昶,1,,TRUE
罗桥,1,,TRUE
罗泓,1,,TRUE
罗涛,1,,TRUE
罗荩,1,,TRUE
罗雪蕾,2,,TRUE
翁瑾,1,,TRUE
耿虹,2,,TRUE
耿达,3,,TRUE
聂云霞,1,,TRUE
肖佳琦,1,,TRUE
肖启岩,1,,TRUE
肖欢欢,1,,TRUE
肖炎焱,1,,TRUE
胡亚丽,1,,TRUE
胡剑忠,1,,TRUE
胡惠林,1,,TRUE
胡迪,1,,TRUE
胡馨月,1,,TRUE
臧志彭,1,,TRUE
臧航达,1,,TRUE
舒波,1,,TRUE
苏康传,1,,TRUE
苏建健,1,,TRUE
苟丹丹,1,,TRUE
范玉刚,4,,TRUE
范长存,3,,TRUE
董慧,1,,TRUE
董晶,1,,TRUE
董洪杰,1,,TRUE
董海龙,1,,TRUE
董纪昌,1,,TRUE
蒋志英,1,,TRUE
蒋蓉,1,,TRUE
蒲焘,1,,TRUE
蔡丽燕,1,,TRUE
蔡思博,1,,TRUE
蔡秋阳,1,,TRUE
薛凯,1,,TRUE
虞逸琪,1,,TRUE
袁媛,1,,TRUE
袁晓川,1,,TRUE
袁进业,1,,TRUE
袁金辉,1,,TRUE
袁静晗,1,,TRUE
裴子钥,1,,TRUE
覃锦旋,1,,TRUE
詹绍文,3,,TRUE
许军,1,,TRUE
许婉婷,1,,TRUE
许尔凯,1,,TRUE
许楠,1,,TRUE
许永成,1,,TRUE
许浩,1,,TRUE
许芗斌,1,,TRUE
许诗凯,1,,TRUE
许诗怡,1,,TRUE
许馨月,1,,TRUE
谈佳洁,2,,TRUE
谢佳萌,1,,TRUE
谢珍珍,1,,TRUE
谢龙杰,2,,TRUE
谭必勇,1,,TRUE
谭璐,1,,TRUE
谭辰雯,1,,TRUE
贺一松,1,,TRUE
贺丹,1,,TRUE
贺怡,1,,TRUE
贺雨昕,1,,TRUE
贾凌志,1,,TRUE
贾文通,1,,TRUE
贾雨萱,1,,TRUE
赖泓兵,1,,TRUE
赖雨晨,1,,TRUE
赵万民,1,,TRUE
赵之铭,1,,TRUE
赵嘉敏,1,,TRUE
赵天顺,1,,TRUE
赵明楠,1,,TRUE
赵栋,1,,TRUE
赵梦笛,1,,TRUE
赵润,1,,TRUE
赵爽,1,,TRUE
赵秀敏,2,,TRUE
赵科印,2,,TRUE
赵翔宇,1,,TRUE
赵蔚,1,,TRUE
赵诗璇,1,,TRUE
赵钱森,1,,TRUE
赵铁,1,,TRUE
赵雨,1,,TRUE
赵鹏飞,1,,TRUE
路幸福,2,,TRUE
边兰春,1,,TRUE
邓婷尹,1,,TRUE
邓雨龙,2,,TRUE
邢磊,1,,TRUE
邢雪娥,1,,TRUE
邵明华,1,,TRUE
邹宏秋,1,,TRUE
邹成龙,2,,TRUE
邹洲,1,,TRUE
郑军,1,,TRUE
郑卫民,1,,TRUE
郑宗伟,1,,TRUE
郑昊,1,,TRUE
郑芳,1,,TRUE
郑颖,1,,TRUE
郝勇翔,1,,TRUE
郭井双,1,,TRUE
郭亚成,1,,TRUE
郭嘉,1,,TRUE
郭娜,1,,TRUE
郭婧,1,,TRUE
郭新茹,2,,TRUE
郭晨,1,,TRUE
郭林兵,1,,TRUE
郭洋,1,,TRUE
郭瑜涵,1,,TRUE
郭璟雯,1,,TRUE
郭良文,1,,TRUE
金承协,1,,TRUE
金泽,1,,TRUE
金红,1,,TRUE
金舒,1,,TRUE
钟伯雄,1,,TRUE
钟晖,1,,TRUE
闫旭睿,1,,TRUE
闫毅,1,,TRUE
陆明明,1,,TRUE
陆梓欣,3,,TRUE
陆犇,1,,TRUE
陈为晓,1,,TRUE
陈佳锌,1,,TRUE
陈依恬,1,,TRUE
陈墅香,2,,TRUE
陈天宇,2,,TRUE
陈媛,1,,TRUE
陈宇,1,,TRUE
陈小蓉,1,,TRUE
陈庚,2,,TRUE
陈思,1,,TRUE
陈扬,1,,TRUE
陈明坤,1,,TRUE
陈晓键,1,,TRUE
陈晔,1,,TRUE
陈欣悦,1,,TRUE
陈波,21,Chen Bo,TRUE
陈波杨,1,,TRUE
陈泳,1,,TRUE
陈涵,1,,TRUE
陈溢晨,2,,TRUE
陈煊,1,,TRUE
陈爽,1,,TRUE
陈美欣,1,,TRUE
陈自满,1,,TRUE
陈雅,2,,TRUE
陈雪萤,1,,TRUE
陶曼丽,1,,TRUE
雒虹,1,,TRUE
霍子文,1,,TRUE
霍彩玲,1,,TRUE
靳春燕,2,,TRUE
韦晓宁,2,,TRUE
韩宜轩,1,,TRUE
韩秋晨,1,,TRUE
韩腾飞,1,,TRUE
韩雨昕,1,,TRUE
马康,1,,TRUE
马海龙,1,,TRUE
马漫江,1,,TRUE
马秀莲,1,,TRUE
马谊妮,1,,TRUE
高云鹏,1,,TRUE
高冕,1,,TRUE
高晓雯,1,,TRUE
高梦薇,2,,TRUE
高歌,1,,TRUE
高睿霞,1,,TRUE
高红,1,,TRUE
高美祥,1,,TRUE
高雪聪,1,,TRUE
高鹏,1,,TRUE
魏兵,1,,TRUE
魏凯辰,1,,TRUE
魏文超,1,,TRUE
魏正聪,1,,TRUE
魏进平,1,,TRUE
鲁岩,1,,TRUE
鲍圆洋,1,,TRUE
鲍子瑄,1,,TRUE
黄佳欣,1,,TRUE
黄依诺,1,,TRUE
黄卫兵,1,,TRUE
黄安民,1,,TRUE
黄梦君,1,,TRUE
黄琴诗,1,,TRUE
黄瓴,2,,TRUE
黄美玲,1,,TRUE
黄震方,1,,TRUE
黎莹,1,,TRUE
齐慧姝,1,,TRUE
齐羚,1,,TRUE
齐骥,6,Qi Ji,TRUE
龙浩,1,,TRUE
龚景兴,1,,TRUE
龚立君,1,,TRUE
龚蛟腾,1,,TRUE
