target_work_id,author_normalized
WORK-87B9EA587567,金国利
WORK-EC3AFDE4EE8C,高梁
WORK-1631D227DAD7,邢建平
WORK-E897AD1D8598,邢建平
WORK-E6DDFD3A68E3,姚建宗
WORK-9D813B3D4D70,单飞跃
WORK-9D813B3D4D70,杨期军
WORK-E865C243F293,詹娜
WORK-664A7BC0ECBB,蒲仪军
WORK-0BA26B2E12A2,圣光
WORK-A47D9355F122,于春
WORK-29845677CC8A,李萌昀
WORK-6AC6A0BDA81A,卫华
WORK-B06F4EAAA310,张晓
WORK-1D860C72D9A2,王宁
WORK-4465A2D872FE,廖菲
WORK-5C0C6832361A,史秋霞
WORK-5C0C6832361A,王毅杰
WORK-C7974EBCDD2A,胡娟
WORK-C7974EBCDD2A,叶忠元
WORK-E7BF4FFB4859,孙莉孙佳乐
WORK-2974E91CC757,王开庆
WORK-2974E91CC757,王毅杰
WORK-32B52878E070,邵婷
WORK-464D5DA7B167,吴迪
WORK-464D5DA7B167,高鹏
WORK-464D5DA7B167,董纪昌
WORK-B2AEB0087362,袁祖社
WORK-B2AEB0087362,高扬
WORK-D5F454A72368,唐丹丽
WORK-EA198B58CCD6,朱荟
WORK-EA198B58CCD6,吴情操
WORK-EEC311425B6A,刘涤宇
WORK-0B7C450D6ADC,徐晓林
WORK-0B7C450D6ADC,赵铁
WORK-0B7C450D6ADC,特里N克拉克
WORK-151D982F4D90,何菁
WORK-151D982F4D90,董群
WORK-4DF3DD69485A,李哲
WORK-17D3A65D3B18,吴迪
WORK-2D179F990273,马海
WORK-3DD575407739,吴军
WORK-3DD575407739,夏建中
WORK-3DD575407739,特里克拉克
WORK-B6EE04E59A35,胡焱
WORK-C3E9B5481C5D,王贵斌
WORK-C3E9B5481C5D,斯蒂芬麦克道威尔
WORK-D34D243D26AC,章滇予
WORK-D34D243D26AC,段立早
WORK-073C103DDD79,丁秀明
WORK-11BA0618FDA2,吴军
WORK-404371989418,方玲玲
WORK-418DFB6A97D4,曹媛媛
WORK-7B4278E8A9E1,陈胜
WORK-7B4278E8A9E1,马凌
WORK-7E60E1E4894D,徐姗
WORK-8DDEAF20AE97,吴军
WORK-9199791EE5AA,王宁
WORK-AF10917AAC94,王宁
WORK-C017443D412F,吴军
WORK-C017443D412F,特里N克拉克
WORK-CEC8EC830E05,杜宏武
WORK-0BB9D7EEFC5D,袁玉
WORK-0F2883DD3ADF,黄桂萍
WORK-0F2883DD3ADF,苏婉
WORK-18683D52F9EB,吴军
WORK-1ED77663E6F2,梁旭艳
WORK-336C4ED8A6B4,韦妙
WORK-3DA239182C94,吴军
WORK-538BB6BA8358,邱翔
WORK-5795068209F6,王茜
WORK-72B82823F53C,何梦祎
WORK-8A0600500C72,何玉珍
WORK-8A0600500C72,林昆勇
WORK-BC5A9BAE5E66,桂慕梅
WORK-CDA5B28A1B38,何志武
WORK-CDA5B28A1B38,吴瑶
WORK-CF818B88DFFB,李畅阮超男
WORK-D3E04D9B2DA6,张海燕
WORK-D9129375D46A,吴军
WORK-E1B06A9207B2,马凌
WORK-E1BC46E0F407,钟惠朵朵
WORK-E1DC6AE5F972,王晨晨
WORK-FFBF5629405C,胡少雄
WORK-FFBF5629405C,王俊义
WORK-04F1AE7CEE39,夏昕
WORK-06EC6ED302E9,韩有业
WORK-06EC6ED302E9,马弋飞
WORK-08D321A87F54,何菁
WORK-11ABB2609315,蒋晓丽
WORK-11ABB2609315,梁旭艳
WORK-2AE02E99DE9D,王璐
WORK-2AE34B599267,王亮
WORK-3602E64913A5,刘生雨
WORK-381DE3B64F60,湛贵玲
WORK-65E3A3E1D4AB,李连申
WORK-80AC7412450E,傅才武
WORK-80AC7412450E,侯雪言
WORK-87971B690A95,邓向阳
WORK-87971B690A95,荆亚萍
WORK-8976C0808FB0,陈波
WORK-8976C0808FB0,刘波
WORK-90314F15CF7F,刘峰
WORK-9103620FAB2B,赵艺玲
WORK-925823E88CBD,余晨晨
WORK-A61BE47839F5,眭谦
WORK-A61BE47839F5,毛万熙
WORK-D98EA21C85A0,吴军
WORK-D98EA21C85A0,特里N克拉克
WORK-F88991C217E0,张燕
WORK-1DB6C72173B8,尹璐
WORK-1F24537454BE,陈田雨
WORK-22D5574128FA,翟婧倩
WORK-258AF028DD78,陈波
WORK-258AF028DD78,侯雪言
WORK-26A61E07F626,范莹滢
WORK-3C97BC0084BC,范玉刚
WORK-43E9D343D41D,陈波
WORK-43E9D343D41D,吴云梦汝
WORK-47EF626C134E,张炳杰
WORK-4D1A3778BEE1,李惠芬
WORK-4D1A3778BEE1,叶南客
WORK-4EC916BBD146,江飞
WORK-5CCEE49C14EE,吴军
WORK-5F01D46F05DF,刘东超
WORK-6605B9FDFED8,汤诗旷
WORK-7027C924E4F0,吴志明
WORK-7027C924E4F0,马秀莲
WORK-7027C924E4F0,吴军
WORK-84D006C073AB,盖琪
WORK-96EB2A278799,高睿
WORK-A29A94211D90,刘展
WORK-A3C8037F24BA,苏静
WORK-A7E6C397651F,孙云霏
WORK-B505B0D8FEAA,范玉刚
WORK-CBCE82BF26D4,祁述裕
WORK-D782CAA5BED4,代卫
WORK-D782CAA5BED4,罗彬
WORK-D910625E613C,庞春雨
WORK-D910625E613C,李鼎淳
WORK-E4E30021373B,王宁
WORK-E835352E3E15,尹良伟
WORK-F8A000AE3779,黄剑
WORK-FD23AF448DB7,郭美娟
WORK-FD8549D77088,祁述裕
WORK-FD8549D77088,吴军
WORK-0ACBB3552D0E,赵金科
WORK-149C623803D2,陈雪
WORK-149C623803D2,郝庆
WORK-16A5435FB8E9,苟爽
WORK-18E12346BE52,吴军
WORK-18E12346BE52,张娇
WORK-21034677D170,杨洪吕
WORK-253D64AF1513,郭梓亮
WORK-2984D1252899,谭辉煌
WORK-2BDD516ABD12,杨峰
WORK-2BDD516ABD12,赵珊
WORK-3A9F0A5EBF55,付玉
WORK-3A9F0A5EBF55,王婧
WORK-45FFFFD73691,周韦希
WORK-4AC403FD6E24,黎芸
WORK-4C99AC586532,张颖
WORK-6B57544282AC,李舒霓
WORK-6F64966BD86F,朱盛兰
WORK-7F10A9651B87,闫丽源
WORK-86A7D8B3BE0F,王军峰
WORK-8958827E2F42,周佳
WORK-8D75C53DB35D,戴斌
WORK-91F01F668C94,陈波
WORK-91F01F668C94,丁程
WORK-96B69771DEB5,马江宝
WORK-96B69771DEB5,赵苹
WORK-A68A1396CBF6,张培奇
WORK-A68A1396CBF6,胡惠林
WORK-ACA18EEF2904,敖成兵
WORK-AD131FD6DE8B,栾轶玫
WORK-AD131FD6DE8B,刘宏
WORK-B771EF0BECEC,麻小影
WORK-C58C0215670E,朱直君
WORK-C58C0215670E,高梦薇
WORK-CFD28C95709D,蒋晓宇
WORK-EB2FE67A6D41,许奇广
WORK-F55820AD6426,余怡婷
WORK-1031285E7F04,徐菁婧
WORK-115028D105AE,淡庆
WORK-11C4AAF2C2BE,陈波
WORK-196CC957AA09,王春枝
WORK-1C62215D586F,孙鑫
WORK-1C62215D586F,邓开发
WORK-1F32C5B5FA64,唐忠会
WORK-1F32C5B5FA64,李娅
WORK-202FD62AADD3,何盼盼
WORK-202FD62AADD3,陈雅
WORK-26572BAD0080,曹子郁
WORK-288DD3510B11,彭伟步
WORK-2C67234DF18D,程江雪
WORK-355D7E34FEFD,张桂杰
WORK-3AEA43B48F2A,贺亚莉
WORK-3CC079ACFF20,耿达
WORK-4226F8693EBF,喻国明
WORK-4226F8693EBF,李健祺
WORK-4226F8693EBF,靳江楠
WORK-4226F8693EBF,王莹
WORK-45D4AAC4BCC4,杨开忠
WORK-4F1245FE4F71,范振坤
WORK-5281F4B034A3,李林
WORK-5281F4B034A3,李舒薇
WORK-5281F4B034A3,燕宜芳
WORK-59D0E8CBAE0F,贺少雅
WORK-62649CD8235A,张铮
WORK-62649CD8235A,于伯坤
WORK-62A3B7D920C2,周婷
WORK-67284DE2BEA7,余丽蓉
WORK-781EC6DA541C,杨超
WORK-781EC6DA541C,朱小阳
WORK-8C7D106DF107,张江彩
WORK-8D2CF697EE55,邓宝盈
WORK-90F09923639D,文达平
WORK-968F51C0E52E,张海迪
WORK-9A3B0C4F8B45,王昌怡
WORK-B1ACCE90A557,吴军
WORK-B210BE56C775,万晓娣
WORK-B451D3FCB1F9,魏乔娜
WORK-B451D3FCB1F9,刘俊哲
WORK-B451D3FCB1F9,艾紫依
WORK-B451D3FCB1F9,孟子玲
WORK-B9116C30F17B,徐子涵
WORK-C29BCE32CE0E,吴军
WORK-C443032B380C,夏蜀
WORK-C463DA944BD3,刘潇
WORK-C463DA944BD3,王宏
WORK-C463DA944BD3,熊英
WORK-C4C11C71FA85,朱舒威
WORK-C4C11C71FA85,张浩
WORK-CBA007A05B2A,邵娟
WORK-CC9EEF06D53A,姚梦科
WORK-CFA16D88098F,马小雲
WORK-D96837AB9842,牛宗涛
WORK-D97274688B2E,李广欣
WORK-E311CFBE7B3F,贺一松
WORK-E311CFBE7B3F,王小雄
WORK-E311CFBE7B3F,贺雨昕
WORK-E454C0B8D79B,吴军
WORK-E96B014FF8DA,陈谦
WORK-E96B014FF8DA,赵飞格
WORK-E96B014FF8DA,韩瑞雪
WORK-EC21216E128A,吕绍勋
WORK-F02760EB7CAF,吴敏苏
WORK-F02760EB7CAF,王鹏宇
WORK-F657FBA8BBB5,谈佳洁
WORK-F71094F78F92,袁静晗
WORK-F71094F78F92,廖鑫
WORK-F772F853EF51,姜丽娟
WORK-03FDBB0F0695,郭彬彬
WORK-0555306566B6,兰伟杰
WORK-0D544FDBDF93,刘晓菲
WORK-0D544FDBDF93,李凤亮
WORK-0D5756F1F8D4,柯晓兰
WORK-0E738C935318,何顺民
WORK-0E738C935318,曹文泉
WORK-0F5C52AC24D7,卜亚敏
WORK-0F5C52AC24D7,甄伟锋
WORK-1A1503D6F192,王韬
WORK-1EFFB15BB3CC,窦文章
WORK-1EFFB15BB3CC,王晶
WORK-1FAE8383F02E,王月
WORK-2320F48FDAB7,吴翼帆
WORK-2320F48FDAB7,王海燕
WORK-25C7E13472D8,李旗
WORK-276C5D701476,林磊
WORK-29B68E3C4DF6,魏旭
WORK-2AB54F501A1F,黄鸿宇
WORK-3236E420CE97,牟彪
WORK-3236E420CE97,李兴芬
WORK-33B610A2D8F4,任杰
WORK-35709478D0D9,陈波
WORK-35709478D0D9,林馨雨
WORK-3626689E3E2F,陈波
WORK-3626689E3E2F,赵润
WORK-38839E0251BC,李贝贝
WORK-38E9D6B3DA81,杨媛媛
WORK-38E9D6B3DA81,陈扬
WORK-44EB9DDA48E3,刘玉堂
WORK-44EB9DDA48E3,高睿霞
WORK-467283690DF0,卢懿
WORK-46B0D1D82977,罗向兼
WORK-46F800B0ED57,王惠蓉
WORK-4A2845C94BE8,范玉刚
WORK-4ADB2A326766,董亚宁
WORK-4ADB2A326766,顾芸
WORK-4ADB2A326766,陈威
WORK-4ADB2A326766,杨开忠
WORK-4EE957EE1761,唐洁
WORK-5308A8DE9F40,詹绍文
WORK-5308A8DE9F40,王敏
WORK-5308A8DE9F40,王晓飞
WORK-540523C1FD6D,阳长征
WORK-583FD942C661,郭婧祎
WORK-587D4C30BA40,陈婷丽
WORK-587D4C30BA40,海路
WORK-5DEF2632F3CF,邹梨
WORK-5FE045D8795B,韩筱
WORK-6ACE123D0263,周懿瑾
WORK-6ACE123D0263,张志安
WORK-6ACE123D0263,冯嘉欣
WORK-6D88F27FDBFA,王鸣捷
WORK-6D88F27FDBFA,王婉婷
WORK-719AB6EA4463,刘果
WORK-74BB657F756A,齐骥
WORK-74BB657F756A,亓冉
WORK-76C1F6E75F52,张宇
WORK-76C1F6E75F52,张梦雅
WORK-76C1F6E75F52,于惠洋
WORK-76C1F6E75F52,李艳春
WORK-775431E1FD95,朱斌
WORK-775431E1FD95,赵倩如
WORK-7D2729600B03,金元浦
WORK-992A0D2E9DF6,杨欣悦
WORK-992A0D2E9DF6,彭兰
WORK-9A5409859148,张理
WORK-9A7C01587782,吴军
WORK-9A7C01587782,叶裕民
WORK-9E7D5FB37B65,冷若冰
WORK-A68FF14D4700,姚含烨
WORK-ABF952D0E4A0,鞠博
WORK-AEDBE8866179,周晓薇
WORK-B27C3136A281,闫彦
WORK-B51F0B3BA665,吴焜
WORK-B51F0B3BA665,李林
WORK-B83248BF6439,李亚祺
WORK-B8C5FB6A6240,黄淼
WORK-BC618E542225,崔禹彤
WORK-BFCDAD5D6F62,张琳
WORK-BFCDAD5D6F62,黄美玲
WORK-BFCDAD5D6F62,杨毅
WORK-C2D18F16C995,许加彪
WORK-C2D18F16C995,李亘
WORK-C47D0DDF573B,刘桂茹
WORK-CB184DFC27DE,向勇
WORK-CFF9BA985903,陈天宇
WORK-D2D76F0DA29F,徐靖芮
WORK-D2D76F0DA29F,王学实
WORK-D65B1F546EBD,国秋华
WORK-D65B1F546EBD,余蕾
WORK-D6D072BB2379,吴琳琳
WORK-D6D072BB2379,徐琛
WORK-DFD78AECEEFB,马燕
WORK-E065DEDBFD97,范为
WORK-E1C612EFD4FD,唐乐水
WORK-E30494511AE3,程诗雅
WORK-E5D84845DE76,高同阳
WORK-E94E5C42842C,禹建湘
WORK-E94E5C42842C,汪妍
WORK-E9BA4FB6FB4C,何徐兴
WORK-EA2DC1085E59,张允
WORK-EA2DC1085E59,张梦心
WORK-EAC2CE4B9EB1,刘艳
WORK-EBEEEEB00991,陆霄虹
WORK-EE26ABEC8B6D,王孟璟
WORK-EFED0207614D,袁进业
WORK-EFED0207614D,陈小蓉
WORK-F0DD7100E9A6,滕夙宏
WORK-F0DD7100E9A6,刘韦伟
WORK-F0DD7100E9A6,李伟佳
WORK-F756718892A5,邹娜
WORK-FA3D65EC52EF,李昊远
WORK-FA3D65EC52EF,龚景兴
WORK-FCA23B3E2657,谭翀
WORK-FD763478AC0B,闫敏
WORK-FD763478AC0B,原静文
WORK-01820B4EBA88,张萱
WORK-02ECEF34B48C,陈姝颖
WORK-037EA2D99BE0,吴军
WORK-037EA2D99BE0,郑昊
WORK-0565B20474B0,林紫东
WORK-0615751051B6,王忠杰
WORK-0615751051B6,吴岩
WORK-0615751051B6,景泽宇
WORK-088D81711937,WuJ
WORK-088D81711937,ZhengH
WORK-088D81711937,WangT
WORK-088D81711937,andClarkTN
WORK-09418BCF54F9,纪志晴
WORK-09DB2EC1FAA3,傅才武
WORK-09DB2EC1FAA3,何鹏
WORK-0A5390252183,黄瓴
WORK-0A5390252183,王婷
WORK-0A9CA2CEF5EE,虞逸琪
WORK-0A9CA2CEF5EE,赵秀敏
WORK-0A9CA2CEF5EE,石坚韧
WORK-0B06F991ED80,刘星
WORK-0BED19018BB2,黄晓琴
WORK-0C2ECF92AEF8,吴书平
WORK-0C848A9B2A4E,张磊
WORK-0C848A9B2A4E,曹彦鹏
WORK-0C848A9B2A4E,冯涛
WORK-0CD57EC66676,高小康
WORK-105B865A3A22,宫贺
WORK-105B865A3A22,孙赫宁
WORK-105B865A3A22,顾纯璟
WORK-12055D48FE7D,刘鸿儒
WORK-134ACD7829A4,王燕枝
WORK-1A0B47A03CC1,梁梅朵
WORK-20B2FC7367FA,刘志刚
WORK-27B9AF353CBF,陈姝颖
WORK-2E8258372204,彭银雪
WORK-30CE2A5B45E2,何金海
WORK-34F7C75EDA29,李明星
WORK-34F7C75EDA29,蒲焘
WORK-34F7C75EDA29,冯一泰
WORK-3938BD02D47A,张倩颖
WORK-3ACB64F0D051,沈荣荣
WORK-3ACB64F0D051,徐钊
WORK-3B122EA21EB1,殷乐
WORK-3B122EA21EB1,高慧敏
WORK-3B4E5F17FE6B,昝豆豆
WORK-3D5FE28BE41B,魏文坤
WORK-41796BCC3637,刘中华
WORK-41796BCC3637,焦基鹏
WORK-44DC457F6BB2,张林
WORK-44DC457F6BB2,钟雄飞
WORK-451AE325250F,赵红勋
WORK-451AE325250F,付月
WORK-45AB75D7CB83,盛昊一
WORK-45DCD5326B96,文佳杨
WORK-4BE7DAFBA851,徐莉
WORK-4E29401D2349,吴帆
WORK-4E29401D2349,马晨骋
WORK-5698772E14F6,扈爽
WORK-5698772E14F6,朱启贵
WORK-56A9FDF4D919,陈舒萍
WORK-5EC1D4F1F3B4,汪其航
WORK-5EC1D4F1F3B4,李少卿
WORK-5EC1D4F1F3B4,王贺
WORK-63E591E03149,党洁
WORK-65FBD24CDEF6,何珊
WORK-66326D69AE91,孟丹诚
WORK-66326D69AE91,徐磊青
WORK-67BCC9DEA321,张磊
WORK-686DA817D933,王建华
WORK-686DA817D933,苏日古嘎
WORK-69A1B13F4DE1,张希睿
WORK-6CAC7AA385B0,彭怀雪
WORK-6F62F73E4EAD,周丽
WORK-6F62F73E4EAD,范建华
WORK-71B4564696D6,臧航达
WORK-71B4564696D6,寇垠
WORK-7490B51B6620,贺怡
WORK-7490B51B6620,傅才武
WORK-79496285BA39,李洁
WORK-7C3C9445D4EE,高唐璇
WORK-7F99E275659E,李淼
WORK-8165D657153E,周详
WORK-8165D657153E,成玉宁
WORK-81662402E3A2,王泽晨
WORK-82DF045F71A5,耿英华
WORK-82DF045F71A5,酉琦宇
WORK-8486D0731A0D,林凌
WORK-8486D0731A0D,程思凡
WORK-885F7661588F,孙菲
WORK-8A660BD6494F,陈波
WORK-8A660BD6494F,李晶晶
WORK-8B1096BA58E4,许尔凯
WORK-8B1096BA58E4,刘俊辉
WORK-90229EB82A14,陈思
WORK-90229EB82A14,齐骥
WORK-9127D50627FC,郭新茹
WORK-9127D50627FC,陈天宇
WORK-9127D50627FC,唐月民
WORK-92460FFEFD83,蔡铭浩
WORK-92460FFEFD83,刘颜楷
WORK-94181A1F41A9,程建虎
WORK-96CE23D95463,沈悦
WORK-9EC8805E480A,黄雨婷
WORK-9EF70784315D,邓艳昕
WORK-9FE8B4F99240,黄琳
WORK-A32BD5871E82,胡大海
WORK-A32BD5871E82,宋美彤
WORK-A5B3A5585B3A,吕苹
WORK-A5B3A5585B3A,金陈蕾
WORK-A849BE88461A,徐妍
WORK-AAB042DA1058,傅才武
WORK-AAB042DA1058,王异凡
WORK-AD5FDAECE683,聂磊
WORK-AE606FA9C4B0,刘曼
WORK-AEC5A6344B37,魏建
WORK-AF113A621C25,徐佳
WORK-B1034714B8C2,李明
WORK-B1034714B8C2,邢雪娥
WORK-B8320EEE0B83,顾芸
WORK-B8320EEE0B83,董亚宁
WORK-BAC17C303222,任泽阳
WORK-BB45733329C7,杨小洁
WORK-BFEAD7444C24,李昂
WORK-BFEAD7444C24,王慧灵
WORK-C2D80CFBB686,薛领
WORK-C2D80CFBB686,张晓林
WORK-C2D80CFBB686,张天骄
WORK-C5DB1DDF20DE,黎冬梅
WORK-C5DB1DDF20DE,黎慕华
WORK-C8CD1F3B649E,刘道璇
WORK-C8CD1F3B649E,李庆雷
WORK-D31DB9F77A1F,曾咏梅
WORK-D31DB9F77A1F,程星雨
WORK-D31DB9F77A1F,王晨曦
WORK-D4519CDE34B5,汪宏升
WORK-D933F1CEF3BC,周彤
WORK-DC38E0499E18,李军红
WORK-DC38E0499E18,侯传勇
WORK-E2C3034DC0D5,黄慧
WORK-E44FB03D65D2,马廷魁
WORK-E44FB03D65D2,刘岩
WORK-E5528AAD5968,吴介
WORK-E5528AAD5968,刘慧喜
WORK-E6E3E09328E9,于智源
WORK-E6E3E09328E9,倪万
WORK-E6F79B1B93D2,岳修志
WORK-E790241D7703,刘艳
WORK-EECC280B6161,温雯
WORK-EECC280B6161,戴俊骋
WORK-F0FD43E93B7D,赵万民
WORK-F0FD43E93B7D,吴斯妤
WORK-F0FD43E93B7D,杨光
WORK-F59EEE43B144,陈波
WORK-F59EEE43B144,彭心睿
WORK-F7A7EC2D740F,赵蔚
WORK-F7A7EC2D740F,韩腾飞
WORK-F7A7EC2D740F,李春玲
WORK-F8227F2E8731,王斌
WORK-F9453AB659B3,黎玲
WORK-F96C57A5B977,吴凡
WORK-FA74D81AB2BB,赵婉彤
WORK-FCEDDEA9414D,杨欣傲
WORK-FEB100758DD1,周逸影
WORK-FEB100758DD1,高梦薇
WORK-015E0AC9A4A9,贾宏远
WORK-0163F1D6A87B,韩瑞聪
WORK-024B01A9D76B,杨利华
WORK-024B01A9D76B,王云
WORK-06FCCCCD3854,李慧
WORK-06FCCCCD3854,张梦
WORK-086D6264647C,齐骥
WORK-086D6264647C,亓冉
WORK-086D6264647C,特里N克拉克
WORK-08BBFE487F9F,陈治
WORK-08BBFE487F9F,屈晨旭
WORK-095B7B4932FB,倪庆
WORK-0B93577D2465,陈文耀
WORK-0BA39736AD58,李和平
WORK-0BA39736AD58,金红
WORK-0BA39736AD58,特里N克拉克
WORK-133FE2C516FF,魏正聪
WORK-133FE2C516FF,汪柄江
WORK-14998A212784,谭奇
WORK-178DDA53CD69,齐骥
WORK-178DDA53CD69,陈思
WORK-1A1BA391F0AD,钟晟
WORK-1F13A6E1A72E,余慧怡
WORK-1F1E4BB93132,温雯
WORK-1F1E4BB93132,赵梦笛
WORK-212AC90DC520,魏兵
WORK-212AC90DC520,韩宜轩
WORK-215EFBFA9D5B,董安娜
WORK-21B910A618AC,汪妍
WORK-23B3F1F1AFD6,范玉刚
WORK-23B3F1F1AFD6,许诗怡
WORK-25E5DE5B7BC3,路淑敏
WORK-265A111FC658,吴晓贤
WORK-2DFD49AA9EB4,蒋海蛟
WORK-2DFD49AA9EB4,王世丹
WORK-3062C8BE888F,陈元欣
WORK-3062C8BE888F,刘恒
WORK-3062C8BE888F,陈磊
WORK-32706CD5192B,任秀芹
WORK-32706CD5192B,张佳琪
WORK-3969D9D4FBD6,傅才武
WORK-3969D9D4FBD6,李俊辰
WORK-399720E466A1,陈波
WORK-399720E466A1,巢雪薇
WORK-3A35C8C35A96,黄睿
WORK-3E7C2D898F4E,赵明楠
WORK-3E7C2D898F4E,李雨阳
WORK-3E7C2D898F4E,史友宽
WORK-3F384999DA2A,吴翊阳
WORK-3F384999DA2A,罗彬
WORK-41C0AF30094A,蒋筱青
WORK-44236C44AAAA,陈莹
WORK-45C4F1FD2F8D,王福
WORK-478FA19EB352,朱国丽
WORK-478FA19EB352,袁爱清
WORK-489E4AB769CA,闫文倩
WORK-4ABBF3921277,邵明华
WORK-4ABBF3921277,杨甜甜
WORK-4AF241D39160,齐慧姝
WORK-4AF241D39160,郑芳
WORK-4B63FA395105,李杭梅
WORK-4C38709379A6,杨佳欣
WORK-4CB00CEC336B,何修传
WORK-4CB00CEC336B,石硕
WORK-4D2347353F64,陈冀宏
WORK-4FC60692C1D4,夏蜀
WORK-4FC60692C1D4,陈中科
WORK-4FDD69C5E57B,彭静瑶
WORK-51366F2BC1EA,孔旭红
WORK-518435C9B118,聂勇浩
WORK-518435C9B118,牟胜男
WORK-52427D5BC688,乔瑞
WORK-52427D5BC688,王亚迅
WORK-526A04E26FEE,谭辰雯
WORK-526A04E26FEE,孔惟洁
WORK-526A04E26FEE,王霖
WORK-54C75F01776E,倪跃达
WORK-5848B568C1A4,罗荩
WORK-5848B568C1A4,高美祥
WORK-5848B568C1A4,杨瑛
WORK-58F67A7B1CF6,宋博
WORK-58F67A7B1CF6,张春燕
WORK-58F67A7B1CF6,丁冠榕
WORK-59738DB6D0E7,杜书波
WORK-59738DB6D0E7,孟宪栋
WORK-59738DB6D0E7,张晓宇
WORK-5B9E21E5A572,孟静亭
WORK-5B9E21E5A572,王涛
WORK-5B9E21E5A572,林再国
WORK-5FB58454D8FB,陈波
WORK-5FB58454D8FB,庞亚婷
WORK-5FC78901209A,蔡沁辰
WORK-600D8174427A,战令琦
WORK-600D8174427A,张海斌
WORK-61C613CEA1AD,吴军
WORK-61C613CEA1AD,王修齐
WORK-61C613CEA1AD,刘润东
WORK-6210827819F4,刘波
WORK-6210827819F4,潘明茜
WORK-6210827819F4,宋茂荣
WORK-6211F6AC26C2,张炯
WORK-62B5A5F7C0D0,沈锐拥
WORK-63B7CD97CAA7,张馨瑞
WORK-640D57AC1EBF,武优勐
WORK-640D57AC1EBF,王鹏帆
WORK-640D57AC1EBF,毛中根
WORK-66AE36577A15,程小婷
WORK-670A58A566E5,罗舒雅
WORK-67607F5A6028,董玉芝
WORK-67607F5A6028,洪西贝
WORK-6D47412079A1,李若婧
WORK-70FBA09F3159,曹志奎
WORK-70FBA09F3159,陈雪萤
WORK-70FBA09F3159,武前波
WORK-72AB7AD4EF91,郑宏杰
WORK-72AB7AD4EF91,彭科
WORK-72AB7AD4EF91,张莎
WORK-739AB65EA658,贺芳
WORK-7523DF37C8D5,张勇丽
WORK-7523DF37C8D5,丁梦瑶
WORK-7647EECE73A6,陈波
WORK-7647EECE73A6,延书宁
WORK-78980BEB6093,李春雷
WORK-78980BEB6093,张雪婷
WORK-79B028C22587,吴言悔
WORK-7DCA5AAD9B03,齐骥
WORK-7DCA5AAD9B03,陆梓欣
WORK-7F5809C7C4E3,战令琦
WORK-86CD18EC9B5B,沈悦
WORK-8D4186237CEC,乔驿然
WORK-8D4186237CEC,胡桉澍
WORK-8D4186237CEC,刘遹菡
WORK-8D4186237CEC,陶怡睿
WORK-8E7854EFC17B,张超
WORK-8E7854EFC17B,王君慧
WORK-8E7854EFC17B,姚永玲
WORK-9123A32CC165,傅莹
WORK-9123A32CC165,郭嘉
WORK-91FAA082CF9D,闫文君
WORK-91FAA082CF9D,贠瑞静
WORK-94DC190DC3F8,徐若寒
WORK-94DC190DC3F8,刘贺娟
WORK-9534FED8000F,陆松福
WORK-9534FED8000F,赵成柏
WORK-9534FED8000F,陶爱祥
WORK-97D6A230B76E,陈波
WORK-97D6A230B76E,刘彤瑶
WORK-9EB78ECB607D,李梅
WORK-A1BFF09F755E,方娜
WORK-A1BFF09F755E,程奇
WORK-ACF1338E6C81,刘作君
WORK-ACF1338E6C81,李田田
WORK-AE325BA92028,唐璞妮
WORK-AE325BA92028,王胡林
WORK-AE325BA92028,淳姣
WORK-B0FAC2A5B37B,黎莹
WORK-B0FAC2A5B37B,戴代新
WORK-B88FAE25F463,蒋宸明阳
WORK-BE00D9FF6948,穆琦琦
WORK-C109ACE2C86D,王佩瑶
WORK-C477BFD9C495,贺丹
WORK-C477BFD9C495,蒋志英
WORK-C4C248C4CF60,杨智荣
WORK-C4C248C4CF60,王玮
WORK-C8F3A6367211,赵之铭
WORK-C8F3A6367211,练红宇
WORK-CD852DB22EC1,覃锦旋
WORK-CD852DB22EC1,王忠君
WORK-CF8EE33CEA22,张小溪
WORK-CFEC26373A90,刘子杨
WORK-D25E586CAE8E,郭晨
WORK-D25E586CAE8E,冯舒
WORK-D25E586CAE8E,汤沫熙
WORK-D25E586CAE8E,唐正宇
WORK-D25E586CAE8E,杨志鹏
WORK-D39129AAACB2,王洋
WORK-DD19E977949E,卢锐
WORK-DD19E977949E,赵栋
WORK-DD19E977949E,黄琴诗
WORK-DE884C06F480,罗桥
WORK-DE884C06F480,汤皓然
WORK-E89097F38C84,李晓瑜
WORK-E8D548AEFC33,陈波
WORK-E8D548AEFC33,金舒
WORK-EB060D580C62,张侔
WORK-EB060D580C62,王晓南
WORK-ED100F66E19A,范佩宏
WORK-F245367C8D1C,郭豆豆
WORK-F3EAC39D23D6,殷玉东
WORK-F3EED5794F60,郑昭彦
WORK-F59FBAEA8ABF,马漫江
WORK-F59FBAEA8ABF,孙英姿
WORK-F59FBAEA8ABF,戴艳清
WORK-F83965E87693,张莹
WORK-F83965E87693,郑颖
WORK-F83965E87693,李贵
WORK-FC045B921865,扈爽
WORK-FC045B921865,朱启贵
WORK-FD8B73155948,周恺
WORK-FD8B73155948,熊益群
WORK-FFCD9E0D70EB,蒋昀洁
WORK-FFCD9E0D70EB,李燕丽
WORK-FFCD9E0D70EB,李洁
WORK-0113DE957A00,陶蓉蓉
WORK-0242AE8BC080,苏建健
WORK-0242AE8BC080,王波
WORK-0242AE8BC080,李晓昀
WORK-02C928FFDCFF,杨小莉
WORK-02C928FFDCFF,高冕
WORK-02C94C6ACE15,叶菁
WORK-02C94C6ACE15,俞坚
WORK-02D0FA01494B,董天
WORK-05F072CDC0B7,曹时语
WORK-05F072CDC0B7,薛凯
WORK-06EEA612D5DE,王建功
WORK-07188CA4CDED,闫楚
WORK-07188CA4CDED,吴青莲
WORK-0BF486117B9A,孟令杰
WORK-0BF486117B9A,刘清越
WORK-0D6160E3D5E4,邵祯
WORK-0F68D9BC197E,李泽华
WORK-0FF75A63E4F2,吴嘉越
WORK-119CA1E54068,徐延章
WORK-128CEC0AE298,胡艳妮
WORK-13AF95C588DD,张丰艳
WORK-13AF95C588DD,王子文
WORK-13AF95C588DD,刘宇翔
WORK-13BB38A89BCD,曾丽颖
WORK-162664EAD95E,陈居星
WORK-162664EAD95E,陈元欣
WORK-16AB36C5BBDA,张语哲
WORK-1A62AB9EF122,楚晓红
WORK-1D7C133A1F7A,袁金辉
WORK-1D7C133A1F7A,梁一梦
WORK-1DCA5BE255CB,宋琪
WORK-1DCA5BE255CB,曲诗雨
WORK-1F66216A3383,杨淑珺
WORK-1F9999E4C515,黄永林
WORK-1F9999E4C515,张恩荣
WORK-2123FC230023,刘宗璇
WORK-2123FC230023,龚立君
WORK-2253D318C877,洪琳琳
WORK-2253D318C877,丁子怡
WORK-2573DAD040A3,罗雪蕾
WORK-2573DAD040A3,游欣畅
WORK-2573DAD040A3,李异
WORK-2ACCA030DA82,徐金龙
WORK-2ACCA030DA82,汪婷婷
WORK-2B577641B314,禄鋈魁
WORK-2B577641B314,赵捷
WORK-2B577641B314,李贵莹
WORK-2CDAD500890E,黄梦君
WORK-2CDAD500890E,张照然
WORK-2CDAD500890E,张杨
WORK-2E5D08E60ED4,李娜
WORK-2E5D08E60ED4,赵康杰
WORK-2E5D08E60ED4,景普秋
WORK-2F3717FF466B,耿达
WORK-2F3717FF466B,傅斯鎏
WORK-2F797A929E96,常红林
WORK-2FEF13E3C8EE,王天乐
WORK-2FEF13E3C8EE,吕睿
WORK-314B670A4F32,肖代柏
WORK-314B670A4F32,郑禾名稀
WORK-321B85249DDF,胡辰敏
WORK-34CB8CCBE5A8,孙大东
WORK-34CB8CCBE5A8,吴怡娇
WORK-369D578C9A24,纪东东
WORK-369D578C9A24,陈为晓
WORK-36DF3FF05A6D,郭新茹
WORK-36DF3FF05A6D,杨依沄
WORK-36DF3FF05A6D,沈佳
WORK-36FBBB921118,徐望
WORK-3797B16725D6,齐瑶
WORK-38C6574D0F9C,卢迪
WORK-38C6574D0F9C,廖文瑞
WORK-3A12CAFAC553,郑美雁
WORK-3A12CAFAC553,杜梦倩
WORK-3A12CAFAC553,彭燕
WORK-3A12CAFAC553,周永康
WORK-3E57C18DA6F4,谢琰
WORK-4291E88C24E8,施媛媛
WORK-4291E88C24E8,曾庆江
WORK-42DAA399F99C,张海燕
WORK-42DAA399F99C,卢敏
WORK-42DAA399F99C,陈爽
WORK-4317B4C386FA,江凌
WORK-46769374C997,陈小玉
WORK-46B44230FB18,许诗凯
WORK-46B44230FB18,许芗斌
WORK-46B44230FB18,庄陶之
WORK-47147F7E563F,曲诗雨
WORK-4750C74AAD4E,王磊
WORK-4945591E4972,徐延章
WORK-49DFC43881B8,胡琦
WORK-49DFC43881B8,林亮景
WORK-4A7995B50F1B,吴昉
WORK-4A7995B50F1B,蒙沛奕
WORK-4B6BAA3E2786,李应杰
WORK-4B6BAA3E2786,李君婷
WORK-4CB7E0303D14,范长存
WORK-4CB7E0303D14,张中波
WORK-50232D90CE18,范长存
WORK-50232D90CE18,张中波
WORK-510647329516,何小蓉
WORK-5224A05A438F,詹绍文
WORK-5224A05A438F,邓雨龙
WORK-5224A05A438F,何夷伦
WORK-53AD5C3C8428,侯燕
WORK-55B58C55C10E,曹时语
WORK-594F63F2EC37,苗美娟
WORK-5BB316C5E43D,罗雪蕾
WORK-5D06AA7CC14F,李思涵
WORK-5D4DF91E59A4,刘宇
WORK-5D4DF91E59A4,高雪聪
WORK-5E9E3E831848,肖远平
WORK-5ED7BD7F3D0C,谢龙杰
WORK-61E43C55605A,宣蔚
WORK-61E43C55605A,肖佳琦
WORK-61E43C55605A,孔子然
WORK-61E43C55605A,禚璇
WORK-627A6FCFADFF,陈书凝
WORK-66A28A59D301,陈波
WORK-66A28A59D301,庞亚婷
WORK-6764B6A6D0F3,汤诚
WORK-6764B6A6D0F3,刘晓霞
WORK-6764B6A6D0F3,王春迎
WORK-681336B338DF,王帆
WORK-681336B338DF,张清河
WORK-688151311895,应珂
WORK-688151311895,梁璞
WORK-6B7B2A2C58FF,张琦
WORK-6BE978CFB5AD,李东晔
WORK-6BE978CFB5AD,周永博
WORK-6BE978CFB5AD,贾文通
WORK-6BE978CFB5AD,周进
WORK-6BE978CFB5AD,吴丽敏
WORK-6E9C3A62239C,黄文文
WORK-6F4EB55579DC,崔艳天
WORK-6F4EB55579DC,祁述裕
WORK-71093C1051AA,周海玲
WORK-71093C1051AA,赵嘉敏
WORK-71093C1051AA,赵翔宇
WORK-716DD5E3F0FC,毛艺霖
WORK-73EFB4A88389,王丹园
WORK-74FA97FE0222,杨龙飞
WORK-74FA97FE0222,疏仁华
WORK-7744F00CB33B,赵炜
WORK-78DE45F4C794,张恺
WORK-7A05548FC4C8,凌西子
WORK-7ABF1CF97BEA,张丞然
WORK-7C3FCEC8D257,王雨晴
WORK-7FAAF7AE728F,王琦
WORK-7FAAF7AE728F,高云鹏
WORK-803E87A79183,廖峰
WORK-817095469B4E,陈莹
WORK-819293006591,宋欣
WORK-83325ED70ECB,朱萍
WORK-83325ED70ECB,包晓婷
WORK-8405BEFC426A,程仙平
WORK-8405BEFC426A,刘丽阳
WORK-877AB6110ADB,张竞壹
WORK-8BE1BEF932B1,成蕤
WORK-8E47315F9B0E,卫华武
WORK-8EEE5B06BFBC,张伟
WORK-8EEE5B06BFBC,宋陆陆
WORK-8F5F7B2D1626,党秀云
WORK-8F5F7B2D1626,陆黎
WORK-9022A8628121,乐艺
WORK-91A9940C4622,陈波
WORK-91A9940C4622,陈立豪
WORK-91C70F073311,陈自满
WORK-91C70F073311,疏仁华
WORK-93097827ED34,刘婷婷
WORK-9536507D6398,冷南羲
WORK-9536507D6398,桑耘
WORK-95399C0DE1BD,韦金秋
WORK-9703B51C1D7C,周良发
WORK-9B2E7F2DEE5B,陈波
WORK-9B2E7F2DEE5B,涂晓晗
WORK-9D30D87DFECC,刘泽华
WORK-9D30D87DFECC,黄安民
WORK-9D8B63200B9F,唐娟
WORK-9D8B63200B9F,王德根
WORK-9D8B63200B9F,王莉
WORK-A2B9E9E39434,肖竞
WORK-A2B9E9E39434,张芮珠
WORK-A2B9E9E39434,刘舒琴
WORK-A2B9E9E39434,曹珂
WORK-A2B9E9E39434,贾铠针
WORK-A411D0E6BBD9,雷鹏伟
WORK-A5D059FAB4DA,枉文雨
WORK-A68E3F94955B,WeiMao
WORK-A68E3F94955B,ShuaiHong
WORK-A68E3F94955B,TengfeiChai
WORK-A68E3F94955B,JunchaoShen
WORK-A68E3F94955B,JieShen
WORK-A7BC468DDC10,楼旭东
WORK-A7BC468DDC10,裴子钥
WORK-A9B0B7771C95,唐小明
WORK-AC3D4A24C86D,张君如
WORK-AD85C44FED1C,LanB.Y.
WORK-AD85C44FED1C,LianH.Y.
WORK-B63826C303A8,古春霞
WORK-B94A391397E5,杜晨阳
WORK-B96097177B16,郭天宇
WORK-BA69342C7023,张宇峥
WORK-BA69342C7023,鲁岩
WORK-BA69342C7023,陈晓键
WORK-BB5B2304D7F9,张合斌
WORK-BB5B2304D7F9,汪梦瑶
WORK-BDA864292BF8,张盛颖
WORK-BE474230E812,陈波
WORK-BE474230E812,王楚乔
WORK-C23387EEA763,巫月娥
WORK-C23387EEA763,许楠
WORK-C39DB72F7429,简涔玲
WORK-C5C0B872EBE6,徐瀚祺
WORK-C5C0B872EBE6,宫承波
WORK-C87BAAB51F06,杨毅
WORK-C87BAAB51F06,吴新祎
WORK-C9EB8B3FDA57,杨春
WORK-C9EB8B3FDA57,郭良文
WORK-CFBBA18B74A9,徐君玲
WORK-D28215815877,斯炜
WORK-D3055AC96405,杨小舟
WORK-D325CDB1B6F4,师帅
WORK-D4F181C132B5,谢静
WORK-D53800ECCADD,刘慧
WORK-D80ADE2DACAE,沈邦应
WORK-D80ADE2DACAE,吴红松
WORK-D8A3DE8D67A2,李天语
WORK-D99365B85F70,龚蛟腾
WORK-D99365B85F70,洪芳林
WORK-D9CAED207271,侯姝慧
WORK-D9CAED207271,魏艾婧
WORK-DA3FAECBDE63,刘嘉崟
WORK-DAD37F8874D0,金柯宇
WORK-DB4BE4C8C2C8,侯学英
WORK-DC6EC5A66887,唐璞妮
WORK-DC6EC5A66887,杨红岗
WORK-DC6EC5A66887,淳姣
WORK-DE60B9D532CC,谈佳洁
WORK-DE60B9D532CC,刘新静
WORK-DEB96C323DA0,朱天梅
WORK-DEB96C323DA0,于梦洁
WORK-E077BA361D87,张画景
WORK-E0F958215E58,陈为智
WORK-E0F958215E58,梁树成
WORK-E1F2BC0C0D59,吴子懿
WORK-E28F38C22616,王晨殊
WORK-E28F38C22616,王紫怡
WORK-E28F38C22616,蔡思博
WORK-E38DCD0795ED,周雪丰
WORK-E41BC578247C,周宏伟
WORK-E41BC578247C,宋馨谷
WORK-E41BC578247C,于安宁
WORK-E41BC578247C,张宁舒
WORK-E41BC578247C,芦枫
WORK-E5EF6A5711EB,张芯梦
WORK-E5EF6A5711EB,白洁然
WORK-E6CCEF90EA9B,陶姝成
WORK-E99ED898DD2C,王纪武
WORK-E99ED898DD2C,吾希洪多里洪
WORK-E99ED898DD2C,胡亚丽
WORK-EC9B40F189B0,战令琦
WORK-EDC806526B90,韩雅鑫
WORK-F23B13685740,张芃
WORK-F2B28A1C00FA,李康化
WORK-F2B28A1C00FA,刘启航
WORK-F2BE3834216F,王慧玲
WORK-F2BE3834216F,窦银娣
WORK-F2BE3834216F,李伯华
WORK-F2BE3834216F,刘沛林
WORK-F3BBC72721E5,李书凤
WORK-F3DC4668E1E3,吴昱东
WORK-F74CF3B90158,钱胜辉
WORK-FA0650837EF7,詹绍文
WORK-FA0650837EF7,邓雨龙
WORK-FB20F28CF70C,翟姗姗
WORK-FB20F28CF70C,查思羽
WORK-FB20F28CF70C,郭致怡
WORK-FBA924DFE3DB,罗强强
WORK-FBA924DFE3DB,岩温罕
WORK-FFF7F09A239D,欧阳日辉
WORK-00DA4BDBC233,王瑞文
WORK-00DA4BDBC233,张丁戈
WORK-02C8EFE62D66,李东和
WORK-02C8EFE62D66,谢珍珍
WORK-02D1D068D36F,张晗
WORK-02D1D068D36F,龙浩
WORK-040459DBB53A,王婷
WORK-040459DBB53A,康北
WORK-040459DBB53A,吕虎臣
WORK-0BA8789A8D5F,杨潇
WORK-0D1F810A9691,臧志彭
WORK-0D1F810A9691,陈美欣
WORK-0E4EEC91BEAF,杨鹏森
WORK-0E4EEC91BEAF,任云英
WORK-0E4EEC91BEAF,韩雨昕
WORK-0F9D17B54BE4,王晓斐
WORK-0F9D17B54BE4,邹洲
WORK-103807EFE035,张铮
WORK-103807EFE035,许馨月
WORK-109EA186414A,马海龙
WORK-109EA186414A,杨桂
WORK-11BE10768397,张野
WORK-11BE10768397,王伟
WORK-11BE10768397,程遂营
WORK-13BCDC7D414C,代瑞
WORK-13BCDC7D414C,李健博
WORK-13BCDC7D414C,秦际栋
WORK-14C9AE0A5482,王娟
WORK-14C9AE0A5482,李君燕
WORK-1781EF5D66E6,郎圣伟
WORK-18B4AFA3FA48,张曼
WORK-18B4AFA3FA48,李素雅
WORK-18B4AFA3FA48,汤羽扬
WORK-19195E8424D2,路艳红
WORK-19195E8424D2,张磊
WORK-1A49B89EC6F2,李裕富
WORK-1A49B89EC6F2,耿虹
WORK-1A49B89EC6F2,倪楚悦
WORK-1BCC06A0C322,徐若蓝
WORK-1C5D3D72E32B,胡明悦
WORK-1DBC501A5076,陈波
WORK-1DBC501A5076,张靖煜
WORK-1EB7F2EA58D6,孙琳琳
WORK-1EB7F2EA58D6,姜宇
WORK-1EB7F2EA58D6,王涛
WORK-1EB7F2EA58D6,陈思
WORK-1FA8BF21B0C0,张旭辉
WORK-1FA8BF21B0C0,黄震方
WORK-1FA8BF21B0C0,程东亚
WORK-2049E17E7DEE,韦晓宁
WORK-2049E17E7DEE,靳春燕
WORK-215FF526647F,汪璐燚
WORK-215FF526647F,戴浩天
WORK-2183196D9EC6,庄园
WORK-2183196D9EC6,秦振翼
WORK-21B822836B30,滕依辰
WORK-21B822836B30,朱雅晖
WORK-21B822836B30,关午军
WORK-2467A6A9B63C,李可会
WORK-248EA421ED27,许婉婷
WORK-248EA421ED27,朱喜钢
WORK-248EA421ED27,操小晋
WORK-25B20B283491,李冰
WORK-2662D6F2FA0B,潘新洁
WORK-26AA7287CE85,营立成
WORK-29118F0936D4,罗桑仁青
WORK-2CA25A65FA80,杨琳飒
WORK-309A4851424C,黄冬霞
WORK-345804EE495E,马三喜
WORK-34977778C366,杨梅
WORK-356A24EDF0EE,尹冰
WORK-35BE457CE831,蓝琪
WORK-35BE457CE831,张姮
WORK-3A4172C51A43,袁钺
WORK-3B7E50FD34CB,朱浩
WORK-3BFF48366FB0,杨铱
WORK-3BFF48366FB0,熊丙全
WORK-3BFF48366FB0,李谦
WORK-3CCA8AAB0E85,张宸溪
WORK-3CCA8AAB0E85,周真刚
WORK-3D4FEBED918C,乔晓鹏
WORK-3D4FEBED918C,王鹏飞
WORK-3E9E0E1B612F,李金正
WORK-3E9E0E1B612F,杜澯一
WORK-4110D94F664B,宋育典
WORK-4110D94F664B,孙小龙
WORK-4110D94F664B,秦彬朦
WORK-4110D94F664B,肖欢欢
WORK-424E35180620,杨忠杨
WORK-424E35180620,钱伟浩
WORK-444FAFB3F3AA,曹智辉
WORK-444FAFB3F3AA,妥艳媜
WORK-444FAFB3F3AA,韩秋晨
WORK-444FAFB3F3AA,陈晔
WORK-4640A4A699FA,李妍
WORK-48D3D86889E3,宋文娅
WORK-4941AE2FADD9,杨馥嫚
WORK-49B63DF8683E,庞雨珊
WORK-49C81A3886A2,朱廉杰
WORK-49C81A3886A2,潘宏伟
WORK-49C81A3886A2,曹健
WORK-49C81A3886A2,郭井双
WORK-49C81A3886A2,曲均增
WORK-4AAE0C48E5A5,江凌
WORK-4C22E9313E05,张紫茵
WORK-4C6366CAF39C,赖阳
WORK-505163DB6C5D,鲍圆洋
WORK-505163DB6C5D,王夕卉
WORK-51F911BE7E1B,王会美
WORK-52812E75E6EC,齐羚
WORK-52812E75E6EC,李甜婧
WORK-52812E75E6EC,谢佳萌
WORK-5472F9EE0078,康佳威
WORK-5502305863DD,吴军
WORK-565E58DB671E,吴纯
WORK-572E780D7B3F,罗佳宁
WORK-572E780D7B3F,罗亮
WORK-572E780D7B3F,石雪菲
WORK-572E780D7B3F,孙晋海
WORK-5917B2CFB518,郭慧
WORK-5917B2CFB518,尹章池
WORK-5A780815D3EB,WangYandZhouY
WORK-5B3C40A694BB,刘力
WORK-5CD468A9753A,罗泓
WORK-5CD468A9753A,何苗
WORK-5CE54033EAE9,陈梓鑫
WORK-5CE54033EAE9,黄远
WORK-5D2672885DAE,康丽娟
WORK-5D2672885DAE,冉志铭
WORK-5D2672885DAE,江天舒
WORK-5D2FCBCF641B,刘雨婷
WORK-5D2FCBCF641B,唐程璇
WORK-5D2FCBCF641B,胡剑忠
WORK-5DDED3E9CB93,李晗
WORK-6051851C908D,吴晓
WORK-64B3C0284D06,卓凡
WORK-64B3C0284D06,朱锡昂
WORK-64B3C0284D06,侯启槟
WORK-6726A293CA59,寇瑞冰
WORK-6726A293CA59,易露露
WORK-695402FDEC76,包沁容
WORK-6A6A381C3F42,刘民坤
WORK-6A6A381C3F42,梁连健
WORK-6AC613CE82D2,石浩生
WORK-6B6DF38D2B0E,李茂
WORK-6D7611897E63,王艺妍
WORK-6E6564053F14,邢斌
WORK-6E6564053F14,唐莉英
WORK-6E70FFD4190E,赵文德
WORK-6E70FFD4190E,谢菡
WORK-70B4BC2E9294,黄乐
WORK-717058029BA9,安兆璇
WORK-71B87CC368B7,黄瓴
WORK-71B87CC368B7,夏梦
WORK-73467CBA3B83,曾薇
WORK-73467CBA3B83,赖雨晨
WORK-73467CBA3B83,王雨菲
WORK-73DA695F8846,戴慧
WORK-7421B921400E,任劲劲
WORK-7421B921400E,殷宝为
WORK-75CD08426037,段友文
WORK-75CD08426037,周艳双
WORK-75F8570FCD95,杨阳
WORK-75F8570FCD95,乔晓鹏
WORK-75F8570FCD95,张志强
WORK-78EF56BE1C52,成松波
WORK-79EE67463838,齐天颖
WORK-7A296F50F76D,朱小凡
WORK-7A50DA2F6981,王莉敏
WORK-7A50DA2F6981,王勇
WORK-7A6BE9A92EBA,王新
WORK-7A6BE9A92EBA,王紫怡
WORK-7AAE152376B5,王天玺
WORK-7AAE152376B5,郑军
WORK-7AAE152376B5,叶欣
WORK-7B2543A23BFC,张臻
WORK-7CF4159B5229,侯雪言
WORK-7CF4159B5229,宫玥
WORK-7E06DF4DBB20,边兰春
WORK-7E06DF4DBB20,卓康夫
WORK-7F32DEC386B2,马红梅
WORK-80A474DC4D97,白薇
WORK-82E3E95000C3,陈幸
WORK-8515A36D1B2C,李海洋
WORK-8829736EAEE8,杨舢
WORK-8829736EAEE8,杨子玉
WORK-8829736EAEE8,涂林英
WORK-8858BCAE4554,刘志刚
WORK-8858BCAE4554,赵科印
WORK-886BFE24E376,赵坤
WORK-897084D87E94,杨萍
WORK-898F766E0BCE,景语涵
WORK-8E21051D7CFA,汪全莉
WORK-8E21051D7CFA,万茹捷
WORK-8EBE0ECCCC39,李洋
WORK-8EBE0ECCCC39,许永成
WORK-8EBE0ECCCC39,霍子文
WORK-8F0088671F5B,田雨泽
WORK-90534473849A,王峻寅
WORK-93D4527384BC,靳春燕
WORK-93D4527384BC,韦晓宁
WORK-93D4527384BC,李晓琼
WORK-9527442B091B,易彤
WORK-9527442B091B,李士建
WORK-9595C3EF3621,刘志
WORK-98F4253DB11E,ChaiDongdong
WORK-98F4253DB11E,HeJiani
WORK-99A89116E632,刘玥
WORK-9ABDD4EBAB0F,吴丹
WORK-9B5D1F3719E5,陈庚
WORK-9B5D1F3719E5,何鸿飞
WORK-9B5D1F3719E5,张恩荣
WORK-9D788932C938,樊漫丽
WORK-9D86652CA4B0,邓婷尹
WORK-9D86652CA4B0,刘亦巍
WORK-9EA22CDE023B,陆筱璐
WORK-A254924661C4,陈墅香
WORK-A254924661C4,陈溢晨
WORK-A254924661C4,刘塨
WORK-A498620817E0,曹钺
WORK-A7C27BAA935B,崔金丽
WORK-A806A3B79022,丁奇
WORK-A806A3B79022,田雨泽
WORK-A806A3B79022,梁健
WORK-A806A3B79022,郝勇翔
WORK-AB3E6BE84F6A,傅悦
WORK-AD8F55986231,赵华健
WORK-ADEDE93B6B35,王科奇
WORK-ADEDE93B6B35,王海东
WORK-B0E6034D8FC3,陈泳
WORK-B0E6034D8FC3,陶曼丽
WORK-B0E6034D8FC3,刘勇
WORK-B1137BAC45FF,华尹
WORK-B1137BAC45FF,李源枫
WORK-B1465F8AE00B,何浩
WORK-B1465F8AE00B,李娜娜
WORK-B1465F8AE00B,吴浩
WORK-B33E56D9F148,陈波
WORK-B33E56D9F148,陈立豪
WORK-B37C30F944E1,陈庚
WORK-B37C30F944E1,陈媛
WORK-B4ABD8B7503F,吴辉
WORK-B4ABD8B7503F,张晓侠
WORK-B4ABD8B7503F,张英杰
WORK-B640DF73F7BF,徐望
WORK-B65AA794575C,杜芯雨
WORK-B65AA794575C,唐莉英
WORK-B7313A63E2DB,李子翔
WORK-B97B4279696F,蒋蓉
WORK-B97B4279696F,王柳阳
WORK-B97B4279696F,谢龙杰
WORK-BA3F372E5520,贾根超
WORK-BC8AA6AC295A,蔡旻俊
WORK-BCF46EB4FC9B,齐骥
WORK-BCF46EB4FC9B,陆梓欣
WORK-BF15AEF92D2A,萧萍
WORK-C19E0D787DA1,赵国强
WORK-C1DD15CABC84,张洁梅
WORK-C1DD15CABC84,秦维佳
WORK-C3364F583FC8,陈瑜
WORK-C3477DAC65DE,陆犇
WORK-C3477DAC65DE,王仁彧
WORK-C3C14245DE5A,王志强
WORK-C3C14245DE5A,邹宏秋
WORK-C76C5738F08D,罗曼
WORK-C85EA9694F17,高宇
WORK-CE18DB2B5B82,王巍
WORK-D015F81103E9,杜茜
WORK-D015F81103E9,傅红
WORK-D3DE8F4EF20A,畅攀
WORK-D73C9F83D89D,王蓥倩
WORK-D76AF2AE841D,张睿
WORK-D76AF2AE841D,何沁
WORK-D76AF2AE841D,刘建军
WORK-D76AF2AE841D,徐雅冰
WORK-D76AF2AE841D,刘恺
WORK-D901C3802DFB,范林芳
WORK-D927F3ED2F8E,张笑
WORK-D96290EEABC9,时宵
WORK-D96290EEABC9,陈元欣
WORK-D96290EEABC9,陈磊
WORK-D96290EEABC9,刘恒
WORK-DB5020B98068,王峰
WORK-DB5020B98068,温阳
WORK-DBA1D2AE4BF2,王峰
WORK-DBA1D2AE4BF2,温阳
WORK-DC0D9BDD49B9,夏梦
WORK-DD53E098A631,孙九霞
WORK-DE39DC8154ED,王星月
WORK-DF7346DFEBD1,孟朝
WORK-E0540837C3F2,聂云霞
WORK-E0540837C3F2,王玥
WORK-E0BFAC196AA3,孔燕喃
WORK-E1E617B5476B,吴申伦
WORK-E1E617B5476B,刘欣
WORK-E33990CE1EDF,王珊珊
WORK-E33990CE1EDF,卞倩
WORK-E35BDD2A9CD6,严贝妮
WORK-E35BDD2A9CD6,张永兴
WORK-E55BCB1843E6,杨坤
WORK-E55BCB1843E6,殷涛
WORK-E55BCB1843E6,王琲
WORK-E6CA22B7298D,喻国明
WORK-E8DC7D99BF05,范长存
WORK-E98B1FCC532C,季宵磊
WORK-EB0E3A6A5DB4,杨非凡
WORK-EF9462D42791,冷利琴
WORK-EFB863CE3CD5,王瑞文
WORK-EFB863CE3CD5,张丁戈
WORK-F0A06E8DEC0E,陈晓馨
WORK-F15DCB9365C9,陈磊
WORK-F15DCB9365C9,陈元欣
WORK-F15DCB9365C9,吕万刚
WORK-F3C262BAD14F,徐延章
WORK-F48866FCA8ED,余佳
WORK-FA9C028C4653,李勤
WORK-FA9C028C4653,崔净雅
WORK-FA9C028C4653,石爽
WORK-FC0420F56298,李昱甫
WORK-FC0420F56298,耿虹
WORK-FC0420F56298,倪楚越
WORK-FC3EDE22C22B,张凡
WORK-FC3EDE22C22B,何佳讯
WORK-FE810DB63455,张国政
WORK-FEA03887C359,刘涛
WORK-FEA03887C359,高明哲
WORK-FF3C4151FCAC,傅尧
WORK-FF84E8C3F969,张娇
WORK-FF84E8C3F969,武旋
WORK-0057765F4F1F,陈燕萍
WORK-0098F4DE9349,庞兆玲
WORK-0098F4DE9349,王学基
WORK-021BEBC6BEA3,陈波杨
WORK-021BEBC6BEA3,金泽
WORK-02FC1D90FDB4,文立杰
WORK-02FC1D90FDB4,刘馨阳
WORK-039D79058E49,熊怡鑫
WORK-0AA8AFC816CB,赵钱森
WORK-0AA8AFC816CB,张雨婷
WORK-0AB78E7BEEA2,孙怡然
WORK-0AE3005AE0E9,李德武
WORK-0AE3005AE0E9,孙晋海
WORK-0E63AA3B5653,王旭
WORK-0EEB8EAA544E,王科奇
WORK-0EEB8EAA544E,胡馨月
WORK-1320FC444E93,陈波
WORK-1320FC444E93,毕欣雨
WORK-1351E10C66DB,张骋
WORK-140CF25370A6,任大
WORK-140CF25370A6,陈果
WORK-14AA261F298A,魏文坤
WORK-166C6D60E832,冯亚星
WORK-166C6D60E832,魏凯辰
WORK-168B0BF050C9,吴昕潞
WORK-168B0BF050C9,杨建军
WORK-1720CCC97DC3,王锴庆
WORK-1720CCC97DC3,肖炎焱
WORK-1720CCC97DC3,张智玮
WORK-1720CCC97DC3,李永乐
WORK-1887FAEBFBA0,李娟
WORK-1887FAEBFBA0,黄禹
WORK-19FA99A280BE,张艳国
WORK-19FA99A280BE,王亚军
WORK-1BE58688D206,蔡文卓
WORK-1E60799C7F8B,林盈盈
WORK-1E60799C7F8B,赵秀敏
WORK-1E60799C7F8B,石坚韧
WORK-21422B4AC337,黄雅婧
WORK-21F81E3F0ACA,李姣
WORK-21F81E3F0ACA,贾凌志
WORK-21F81E3F0ACA,胡剑忠
WORK-222BA38CA371,张新娅
WORK-222BA38CA371,刘海丽
WORK-2298542882B6,张琰飞
WORK-2298542882B6,李欣雨
WORK-2298542882B6,朱海英
WORK-233902C7FA2C,刘晓丽
WORK-233902C7FA2C,张海霞
WORK-24235258D6A0,高晓雯
WORK-24235258D6A0,方茂青
WORK-2461FA4480BF,郑若晴
WORK-27F6021B4A0D,杨发祥
WORK-27F6021B4A0D,李金梦
WORK-27F737E511F9,王奥洁
WORK-2822EB98FCF0,赵鹏飞
WORK-2822EB98FCF0,郭林兵
WORK-2822EB98FCF0,姚子刚
WORK-28432452C1A9,李敏
WORK-28432452C1A9,史韫琪
WORK-28432452C1A9,王祖君
WORK-2959AD9203E4,屈行甫
WORK-2959AD9203E4,刘英田
WORK-298892EF1130,时晓雨
WORK-298892EF1130,张敏
WORK-2A3BC66FDDC3,夏寒冰
WORK-2B3E0C2739F1,白如金
WORK-2B3E0C2739F1,王康
WORK-2B8BFFB5B747,罗昶
WORK-2B8BFFB5B747,王凤
WORK-2E1B8B02744C,杨琳曦
WORK-2E4957678E95,钟伯雄
WORK-2E4957678E95,朱利峰
WORK-2E716D39E0C4,温全平
WORK-2E716D39E0C4,黄依诺
WORK-302CED892F41,李凡
WORK-302CED892F41,高霖
WORK-315CE6B69733,王兆伟
WORK-315CE6B69733,杨欣如
WORK-316427FADAC7,张若曦
WORK-316427FADAC7,张乐敏
WORK-3164D2D39ED6,王钰雁
WORK-3164D2D39ED6,金承协
WORK-3164D2D39ED6,王园
WORK-3164D2D39ED6,陈依恬
WORK-31CD14C9DA57,周灵
WORK-31CD14C9DA57,吴紫娟
WORK-31CD14C9DA57,王嘉平
WORK-330761A95886,刘一锐
WORK-330761A95886,魏进平
WORK-33A95DABA4D5,乔泽洲
WORK-340C6471B579,闫赛
WORK-340C6471B579,刘树老
WORK-369B6266E305,吴思孝
WORK-3A34F1542634,马谊妮
WORK-3A34F1542634,姜芹春
WORK-3A54AF19DBFA,潘道远
WORK-3A54AF19DBFA,洪伍军
WORK-3BA6030FDC3E,史琳皓
WORK-3BA6030FDC3E,邓敏
WORK-3D1246E26DE2,郑杰夫
WORK-3D1246E26DE2,王承玥
WORK-3D1246E26DE2,陈新
WORK-3D1246E26DE2,卢志朋
WORK-3E3F237507F6,吕婕
WORK-3E909D9A4456,张淇森
WORK-40CD08B4A6F6,莫彬彬
WORK-436EEC819069,高红
WORK-436EEC819069,魏文超
WORK-44B01E3F292D,宋瑞
WORK-44B01E3F292D,牛阮霞
WORK-44B01E3F292D,王瑞婷
WORK-452EDFEB124D,严贝妮
WORK-452EDFEB124D,王露雅
WORK-484ABFD53DFC,林一民
WORK-484ABFD53DFC,范周
WORK-488CA3D3E20D,谭必勇
WORK-488CA3D3E20D,王亦婷
WORK-488CA3D3E20D,袁晓川
WORK-488CA3D3E20D,郑宗伟
WORK-48ABC4CBD0E0,陈建游
WORK-48ABC4CBD0E0,周园园
WORK-48ABC4CBD0E0,黄泽
WORK-4970EEAE0225,徐诚康
WORK-4970EEAE0225,张睿
WORK-4970EEAE0225,郭舒雅
WORK-4EB85DD22367,李文雯
WORK-4EB85DD22367,董慧
WORK-4F0CC7FE3892,王亚楠
WORK-4F0CC7FE3892,陈欣悦
WORK-4F0CC7FE3892,张韶芬
WORK-4FF3E7D43DC6,孙宇
WORK-521A21B3462B,孟令君
WORK-521A21B3462B,何芩
WORK-521A21B3462B,郭婧
WORK-521A21B3462B,闫旭睿
WORK-526B7FAC7542,张哲林
WORK-55D79A304716,叶卉菁
WORK-55D79A304716,翁瑾
WORK-564C82EC8D51,郭娜
WORK-564C82EC8D51,刘家齐
WORK-564C82EC8D51,姜乃源
WORK-57361E2D86F6,黄文柳
WORK-57361E2D86F6,缪岑岑
WORK-57361E2D86F6,罗兰
WORK-5804CB14F1D6,汪欢欢
WORK-5867B677B894,宋玉茹
WORK-599BEC21B06B,杜晴
WORK-599BEC21B06B,许军
WORK-599BEC21B06B,王洋
WORK-5D08D1E99A5D,王艳玲
WORK-5D08D1E99A5D,周倩娜
WORK-5D08D1E99A5D,徐冰涛
WORK-5DB9A1C2AF4E,陈则谦
WORK-5DB9A1C2AF4E,张博文
WORK-5E5EBEC229AE,陈煊
WORK-5E5EBEC229AE,丁竹慧
WORK-5E5EBEC229AE,杨俊涛
WORK-6137D2F28595,曹璇
WORK-6264AC8317A7,周真刚
WORK-6264AC8317A7,李少鹏
WORK-62BD970B0782,顾宸绮
WORK-63B6BDF4D724,袁玉杰
WORK-642DE157E3FA,郭城
WORK-64DD31F962BA,张佳琪
WORK-64DD31F962BA,赵佳鹏
WORK-6614C62CE063,储艳洁
WORK-6614C62CE063,任磊
WORK-665BB305B0F1,玮宝
WORK-665BB305B0F1,黄卫兵
WORK-665BB305B0F1,赵爽
WORK-67F726F8B460,董浩铠
WORK-698F21EB6C9B,徐园媛
WORK-698F21EB6C9B,张钰琳
WORK-6C81204C0A96,蔡秋阳
WORK-6C81204C0A96,李艳华
WORK-6C81204C0A96,伍玲
WORK-6DBB06D5488B,周蕊
WORK-6DBB06D5488B,张宇莹
WORK-6E87A9FF3920,马博雨
WORK-6EE986726194,邹成龙
WORK-6EE986726194,路幸福
WORK-6F83FB9AFE61,李江敏
WORK-6F83FB9AFE61,冯涵瑞
WORK-6F83FB9AFE61,张佳泋
WORK-6FBDA90BACDF,李薇
WORK-73A4792F47EC,段永彪
WORK-73A4792F47EC,杨青
WORK-74F46D90BC88,戴天植
WORK-75D5E04ABDD4,梁增贤
WORK-75E935AFE8A6,董媛媛
WORK-75E935AFE8A6,刘坤
WORK-75E935AFE8A6,刘胜英
WORK-768A7FE22D59,周坤
WORK-768A7FE22D59,王进
WORK-76AF1053EA9F,沙蔚真
WORK-775627B6A0D5,谭淑媛
WORK-79973498DD4D,任媛媛
WORK-79973498DD4D,詹亚飞
WORK-79F6BECD6737,叶胥
WORK-79F6BECD6737,唐子怡
WORK-7EE1C8D5C4B5,许畅
WORK-817E54AA45B9,王一凡
WORK-821A7682878C,石伟
WORK-821A7682878C,韩玉祥
WORK-84BFB67B5779,刘沛
WORK-84F35C88F497,邱雅婷
WORK-84F35C88F497,戴程
WORK-84FFBA229751,杨轶薇
WORK-85D7F5A917BA,温赛
WORK-85D7F5A917BA,和雪
WORK-85D7F5A917BA,于海龙
WORK-8696C6D65BD3,张琰飞
WORK-8696C6D65BD3,仲伟佳
WORK-8696C6D65BD3,朱海英
WORK-87DB194ACA6F,付鹏伟
WORK-87DB194ACA6F,王凌
WORK-89024D807015,石慧
WORK-8973A3FEEAA6,黄秋莉
WORK-8973A3FEEAA6,李桂龙
WORK-8AFBAADAB7B2,李阳
WORK-8BF95D5586F8,徐路怡
WORK-8E182A21AA3F,杨宇航
WORK-8E182A21AA3F,赵天顺
WORK-8E359B83A40D,梅琳
WORK-8E359B83A40D,蔡丽燕
WORK-8E359B83A40D,张旭
WORK-91C1B4890AE2,营立成
WORK-91C1B4890AE2,吴军
WORK-94D69733910A,宋琪
WORK-94D69733910A,周洢如
WORK-9761572030D8,陈波
WORK-9761572030D8,张贝凝
WORK-97B4D6A7B9DB,邹成龙
WORK-97B4D6A7B9DB,路幸福
WORK-991C5B015B6A,齐骥
WORK-991C5B015B6A,陆梓欣
WORK-9A1694B70B69,帅凌傲
WORK-9A1694B70B69,刘鉴源
WORK-9A1694B70B69,杨靖
WORK-9C2A5A412B31,曾粤亮
WORK-9C2A5A412B31,李佳愔
WORK-9C2A5A412B31,吕晓龙
WORK-9D2E47DE6CF0,王琳婷
WORK-9D2E47DE6CF0,袁媛
WORK-9D2E47DE6CF0,梁璐
WORK-9D5F368949C0,程欣靓
WORK-9EA7AA495641,向德平
WORK-9EA7AA495641,王利娜
WORK-9EC96965CC72,孔帅
WORK-9EC96965CC72,姜子江
WORK-9EC96965CC72,王艺淳
WORK-A0AF486B51B4,蒋曼曼
WORK-A270FD374F67,刘改芳
WORK-A270FD374F67,王涛
WORK-A48464BBE221,马一诺
WORK-A562EA8B828B,唐夕汐
WORK-A562EA8B828B,夏青
WORK-A562EA8B828B,李胜超
WORK-A67FA87F304B,刘润东
WORK-A67FA87F304B,李东泉
WORK-A67FA87F304B,阚贝儿
WORK-A979F302D240,叶倩晴
WORK-A97FA5A8B849,洪晟日
WORK-A97FA5A8B849,洪昭元
WORK-A97FA5A8B849,阮怀俊
WORK-A9EFC210C529,高丹
WORK-A9EFC210C529,崔斌
WORK-AA265442EB10,王钰
WORK-ABC03624ED4C,朱锐勋
WORK-AC0401E659CB,潘小福
WORK-AC0401E659CB,金旦
WORK-ACB1C32BD6F6,陶喜红
WORK-ACB1C32BD6F6,周传琪
WORK-AD15F9E251E6,杨绘荣
WORK-AD15F9E251E6,刘佳佳
WORK-AF8EAB165863,刘娜娜
WORK-AF8EAB165863,杨丽
WORK-AF8EAB165863,罗乾恺
WORK-AFE94C362742,林圣皓
WORK-B165EC5928DB,张超
WORK-B165EC5928DB,李倩
WORK-B165EC5928DB,何红丽
WORK-B2D824B5C555,卢珊
WORK-B321A7B68B5D,宋佳桐
WORK-B321A7B68B5D,王兆红
WORK-B321A7B68B5D,王晨旭
WORK-B4BC45024C22,王帅
WORK-BA5DCBE6C30B,刘锐
WORK-BFAB22A97E91,李佳歆
WORK-C00D770B8208,董晶
WORK-C00D770B8208,温萧羽
WORK-C00D770B8208,许浩
WORK-C02C1986C256,刘春腊
WORK-C02C1986C256,皇甫子贞
WORK-C02C1986C256,李光辉
WORK-C09BF18F7565,昌佳欣
WORK-C0C291578160,周建新
WORK-C47FF7287AB0,赵钱森
WORK-C47FF7287AB0,伍徐欣
WORK-C47FF7287AB0,兰丹
WORK-C507EC71D217,王楷钧
WORK-C507EC71D217,冯灿
WORK-C72642F4A53D,傅尧
WORK-C72642F4A53D,郭亚成
WORK-C72642F4A53D,董海龙
WORK-C882A87FBF5C,陈溢晨
WORK-C882A87FBF5C,陈墅香
WORK-C94FF7FA0F33,吴悦
WORK-C9BBD77FCD33,方龄萱
WORK-CB5101FA7455,贾梦梦
WORK-CB5101FA7455,邵佳辉
WORK-CE79D2016772,刘佳昊
WORK-CE79D2016772,张琳
WORK-CE79D2016772,来有为
WORK-CEC02B5F7208,黄偲迪
WORK-D08029A73C08,陈波
WORK-D08029A73C08,陈立豪
WORK-D1E570476A12,贾雨萱
WORK-D1E570476A12,陈宇
WORK-D1E570476A12,钟晖
WORK-D357E9C994D9,杨庆媛
WORK-D357E9C994D9,王愈滋
WORK-D357E9C994D9,杨人豪
WORK-D357E9C994D9,苏康传
WORK-D357E9C994D9,王笛
WORK-D357E9C994D9,孙朝辉
WORK-D4C32726FBB6,曾翠
WORK-D4C32726FBB6,王忠政
WORK-D4C32726FBB6,官凤婷
WORK-D52CCE24BAF2,余晓勤
WORK-D57641C3D2C8,侯雪言
WORK-D6B187E4B4EA,马蓓蕾
WORK-D898250E488C,林志森
WORK-D898250E488C,王莘捷
WORK-D898250E488C,洪婷婷
WORK-D898250E488C,杨元传
WORK-D99055A1F0B0,林馨雨
WORK-D9C13E654D3E,丁颖
WORK-D9C13E654D3E,喻国明
WORK-DDC126E94B07,刘洋
WORK-DDC126E94B07,张雅倩
WORK-DED06D7AA215,陈明坤
WORK-DED06D7AA215,高歌
WORK-DED06D7AA215,苟丹丹
WORK-DFDB76574D96,唐冬杰
WORK-E22EF45C9F89,耿达
WORK-E22EF45C9F89,戴颖桢
WORK-E2555F793C5A,解学芳
WORK-E2555F793C5A,陈思函
WORK-E2D31E583ED9,赵诗璇
WORK-E2D31E583ED9,欧阳国辉
WORK-E598C447FFDB,唐佳琪
WORK-E598C447FFDB,吴广
WORK-E6FFC7B74D79,姜志祥
WORK-E87EEACB7405,周玮
WORK-E87EEACB7405,丁勇
WORK-E92B48C97CA2,郭若凝
WORK-E977C2A0E1BB,朱雨萌
WORK-E977C2A0E1BB,陈雅
WORK-EB45B3F9BEDB,康吉庆
WORK-EB45B3F9BEDB,梁艳
WORK-EBF08E31B23F,周琼
WORK-EBF08E31B23F,倪杨
WORK-EE596ACA3019,于子尧
WORK-EE596ACA3019,周延伟
WORK-EFE3CC23BE18,齐骥
WORK-EFE3CC23BE18,赵梦笛
WORK-F1744425DFED,刘喆慧
WORK-F2BD7BF03823,唐江浩
WORK-F486ED59B311,黄燕君
WORK-F486ED59B311,何子宜
WORK-F5082E845093,朱文娟
WORK-F7E8B0D65138,杨阳
WORK-F7E8B0D65138,胡玲珑
WORK-F873F278091D,王学基
WORK-F873F278091D,庞兆玲
WORK-F873F278091D,张海洲
WORK-F91521E6477C,李楠
WORK-F91521E6477C,洪海啸
WORK-F91521E6477C,曹婉仪
WORK-FA0EE085AE3C,吴欣欣
WORK-FA0EE085AE3C,张超民
WORK-FCA04AED01DC,韦兆焯
WORK-FCA04AED01DC,郑慧
WORK-FD1EA076D991,王俊
WORK-FD1EA076D991,谢青伶
WORK-FD1EA076D991,刘畅
WORK-FE77001AD341,车雯
WORK-FE77001AD341,张瑞林
WORK-FE77001AD341,马培艳
WORK-FF01EE0C1742,金晶
WORK-00959BDAC42A,韩冰
WORK-00959BDAC42A,陈家骥
WORK-00959BDAC42A,孙昊彤
WORK-04D4F57CAFDD,李晨
WORK-04D4F57CAFDD,战强庆
WORK-04D4F57CAFDD,陆磊
WORK-0581B5402AF8,胡迪
WORK-0581B5402AF8,郭瑜涵
WORK-0581B5402AF8,黄佳欣
WORK-0581B5402AF8,舒波
WORK-0924B3705510,张语彤
WORK-0B2EA7AA94A4,朱利峰
WORK-0B61B708FF22,李俊锋
WORK-0C1F2017A925,何浩
WORK-0C1F2017A925,刘海东
WORK-0C1F2017A925,雷萍
WORK-0F28A2FA3A0D,袁方成
WORK-0F28A2FA3A0D,马康
WORK-0FF2344A4C76,高悦彤
WORK-101253042FF9,汪玲含
WORK-1A898A6B6D27,施徐华
WORK-1A898A6B6D27,嵇灵
WORK-1A898A6B6D27,王好
WORK-1A898A6B6D27,余艺歆
WORK-1BA35D7234C5,董洪杰
WORK-1BA35D7234C5,石琳
WORK-1CB271E3FD1E,傅毅
WORK-1CB271E3FD1E,赖泓兵
WORK-1DF77D433B48,丁波
WORK-200118103891,许琳梓
WORK-2B7235C5E832,陈波
WORK-2B7235C5E832,涂晓晗
WORK-2DF2071E013B,郭璟雯
WORK-2DF2071E013B,陆明明
WORK-2DF495C31FB4,翁列恩
WORK-2DF495C31FB4,张健扬
WORK-2DF495C31FB4,王艳晴
WORK-33D63C61C716,吴伟钦
WORK-36E9638CCC01,粟路军
WORK-36E9638CCC01,杨勇
WORK-37725083CCC3,李清
WORK-37725083CCC3,方遥
WORK-37725083CCC3,孙冉
WORK-37725083CCC3,王楠
WORK-3FAB9749D7F1,刘勤
WORK-417CB84B9134,文燕
WORK-417CB84B9134,闵婕
WORK-417CB84B9134,杨兰花
WORK-4271CAF1EFF3,王祖君
WORK-4271CAF1EFF3,史韫琪
WORK-4271CAF1EFF3,徐波
WORK-4271CAF1EFF3,李敏
WORK-448D4AD22C7A,赵雨
WORK-448D4AD22C7A,何爱霞
WORK-481A776DA0AA,刘志刚
WORK-481A776DA0AA,赵科印
WORK-50E438FDF8B3,张海琼
WORK-51E9EEF02B10,尚硕
WORK-545CA78FF4A8,张娅薇
WORK-545CA78FF4A8,王植宇
WORK-5801E666AFA7,李洁
WORK-5A518479E289,刘越
WORK-5BA77EEE5976,肖启岩
WORK-5BA77EEE5976,张蔚萍
WORK-5E570DF73F0A,承良丽钰
WORK-5E570DF73F0A,方刚
WORK-622A30EB5EA9,梁欣洋
WORK-622A30EB5EA9,王科洋
WORK-625827AFBA5D,张淇鑫
WORK-625827AFBA5D,吕艺珊
WORK-625827AFBA5D,向志强
WORK-63656C75D45A,张一驰
WORK-63656C75D45A,李正越
WORK-63656C75D45A,刘奕然
WORK-63656C75D45A,宁薇
WORK-6396514A787C,王乃举
WORK-6396514A787C,陈虹
WORK-6396514A787C,曹文佳
WORK-667C4C701880,杨绮雯
WORK-667C4C701880,张玲
WORK-6717313B84B9,刘焕琪
WORK-6717313B84B9,谭璐
WORK-685F0B6CB7D2,洪邵平
WORK-685F0B6CB7D2,罗涛
WORK-685F0B6CB7D2,何茜倩
WORK-6878179167DC,刘彤瑶
WORK-6878179167DC,陈波
WORK-6A089D5D07B4,陈芳芳
WORK-6A089D5D07B4,王腾
WORK-6B2C2EA80781,徐延章
WORK-6B2C2EA80781,孙同帅
WORK-6CC3AE35DEA0,曹文佳
WORK-6CC3AE35DEA0,王乃举
WORK-6EDDEE60304B,陈佳卿
WORK-7F6E7EEFB75A,吴昺汉
WORK-7F6E7EEFB75A,蒋莉莉
WORK-81A31652905C,黄楚韵
WORK-82499504DF71,刘珍玉
WORK-8612B4A2C41A,曹杰
WORK-8612B4A2C41A,潘浩之
WORK-898CAF6FD010,王艺谚
WORK-898CAF6FD010,王铮
WORK-898CAF6FD010,王若桢
WORK-898CAF6FD010,马蕊
WORK-8C8806E8A049,张海燕
WORK-8C8806E8A049,张胜丽
WORK-8F9C5F039566,熊婉彤
WORK-8F9C5F039566,陈晴
WORK-927980B0331B,何鸿飞
WORK-927980B0331B,陈庚
WORK-94BE7FFEAAE4,杨治
WORK-94BE7FFEAAE4,胡思伍
WORK-94BE7FFEAAE4,吴磊
WORK-962594493B42,任卓异
WORK-962594493B42,姜凌
WORK-962594493B42,刘遗志
WORK-9B53786F3657,张鸿雁
WORK-9CF3363E7928,马康
WORK-9CF3363E7928,周娜
WORK-A1A539C4E33E,杨恋
WORK-A6609486CE34,黄春霖
WORK-AA988F6C9B59,石茹鑫
WORK-AA988F6C9B59,杨玉媛
WORK-AB01E6A076F0,樊佳佳
WORK-B1A1C5A25FE3,李佳蓬
WORK-B1A1C5A25FE3,廖昕芫
WORK-B249B106DFA7,吴军
WORK-B404B6554FA6,刘航
WORK-B404B6554FA6,唐斌
WORK-B404B6554FA6,李朝柱
WORK-B61783049877,邓海燕
WORK-B73E7D7D1D8D,黄燕华
WORK-B86E7C3E06E6,张为民
WORK-B86E7C3E06E6,张双兰
WORK-BF6C129575E3,张怡迪
WORK-BF6C129575E3,李在军
WORK-C27323F7463F,杨芳
WORK-C27323F7463F,汪洋
WORK-C27323F7463F,方艳丽
WORK-C44448202873,张哲
WORK-C44448202873,薛涛
WORK-C44448202873,姚小波
WORK-C949B8800432,ZhangYuzheng
WORK-C949B8800432,LuYan
WORK-C949B8800432,ChenXiaojian
WORK-CA9610A7EF5A,杨青豪
WORK-CA9610A7EF5A,陈涵
WORK-CA9610A7EF5A,徐伟
WORK-CB1FB2AE5959,曲比阿果
WORK-CB1FB2AE5959,曲比阿西
WORK-CBA9D163EEBA,樊友凯
WORK-CBA9D163EEBA,何志辉
WORK-CDC1BA127927,吴广
WORK-D1C838C43DBB,王政星
WORK-D1C838C43DBB,史本林
WORK-D27F01F5F9C5,林兆琦
WORK-D2A4CAB60654,孙桥
WORK-D2A4CAB60654,盛虎
WORK-D38BB4515958,雒虹
WORK-D38BB4515958,霍彩玲
WORK-D38BB4515958,梁增奎
WORK-D38BB4515958,闫毅
WORK-D455FD1F388B,宋巧丽
WORK-D455FD1F388B,治丹丹
WORK-D455FD1F388B,毕佳琪
WORK-D79A8F651E2F,周淇丰
WORK-D79A8F651E2F,郑志强
WORK-D79A8F651E2F,王鹏
WORK-D7BEA5D96724,郑芳
WORK-D7BEA5D96724,黄若童
WORK-D7BEA5D96724,李韵雅
WORK-D7BEA5D96724,于蓝
WORK-D805FBA90EDE,苏振文
WORK-DB1604A3DFC4,陈海卉
WORK-DB1604A3DFC4,肖涛
WORK-DDA5CC18ADF9,吴堃堃
WORK-DED38C9DAE99,郭雪瑾
WORK-DED38C9DAE99,牛世琴
WORK-DF02C594BF5D,徐达
WORK-DF02C594BF5D,鲍子瑄
WORK-DF02C594BF5D,陈佳锌
WORK-E26D9F19DCAE,李梦雨
WORK-E61E646DB547,侯森栋
WORK-E61E646DB547,郑卫民
WORK-E61E646DB547,刘益铭
WORK-E61E646DB547,李嘉琪
WORK-E61E646DB547,桂智
WORK-E96D7D28F8A1,章凡华
WORK-EAFEC7EAC34B,姜方瀚
WORK-EAFEC7EAC34B,丁亚玲
WORK-EAFEC7EAC34B,唐颖
WORK-EAFEC7EAC34B,舒悦
WORK-EE1D270B77D7,罗赣
WORK-EE1D270B77D7,许诺
WORK-EEC54A83DAA0,袁方成
WORK-EEC54A83DAA0,王诗雨
WORK-EF3CDD395263,程思凡
WORK-EF3CDD395263,林凌
WORK-EFC515E09DFA,刘立云
WORK-EFC515E09DFA,周雪薇
WORK-EFDB62F464C3,邢磊
WORK-EFDB62F464C3,宋向嵘
WORK-F01888250E7D,李平
WORK-F19FB7248EEF,白钊义
WORK-F19FB7248EEF,郭洋
WORK-F19FB7248EEF,温佳浩
WORK-F345B7EEAFC7,赵鑫鹏
WORK-F345B7EEAFC7,徐琬玥
WORK-F345B7EEAFC7,张德胜
WORK-F524194F5AF6,吴怡
WORK-F524194F5AF6,刘敏
WORK-F89FDCB7EDF6,赵恩北
WORK-FC7D7B57097E,李江
WORK-FC7D7B57097E,王佳祥
